id,kategori,zorluk,soru,secenek_a,secenek_b,secenek_c,secenek_d,dogru_secenek,dogru_cevap,aciklama,etiketler,kaynak
ZK001,Coğrafya,Kolay,Kürdistan coğrafyası en genel anlamıyla hangi iki büyük dağ sistemiyle birlikte anılır?,Alpler ve Karpatlar,Taurus/Toros ve Zagros,Himalaya ve Pamir,Atlas ve Rif,B,Taurus/Toros ve Zagros,"Kürt nüfusun yoğunlaştığı tarihsel alan, Toroslar ile Zagroslar çevresindeki dağlık kuşakla yakından ilişkilendirilir.","Kürdistan, dağlar, Toros, Zagros",https://www.britannica.com/place/Kurdistan
ZK002,Coğrafya,Kolay,Irak Kürdistan Bölgesi’nin başkenti hangi şehir olarak kabul edilir?,Hewlêr / Erbil,Duhok,Kerkük,Musul,A,Hewlêr / Erbil,"KRG kaynaklarında bölgesel başkent Erbil, Kürtçede Hewlêr/Hawler olarak verilir.","KRG, Hewlêr, Erbil",https://gov.krd/boi-en/why-kurdistan/region/facts-figures/
ZK003,Coğrafya,Kolay,Amed adı Kürtçe kullanımda en çok hangi şehirle ilişkilendirilir?,Mardin,Van,Diyarbakır,Urfa,C,Diyarbakır,"Amed, Kürtçe siyasal ve kültürel kullanımda Diyarbakır için yaygın kullanılan addır.","Amed, Diyarbakır, yer adları",https://whc.unesco.org/en/list/1488/
ZK004,Coğrafya,Orta,UNESCO Dünya Mirası listesinde yer alan Erbil Kalesi hangi kenttedir?,Hewlêr / Erbil,Sine / Sanandaj,Kobanê,Mahabad,A,Hewlêr / Erbil,"Erbil Kalesi, Hewlêr/Erbil merkezinde yükselen tarihsel bir höyük yerleşimi olarak UNESCO listesindedir.","Erbil Kalesi, UNESCO, miras",https://whc.unesco.org/en/list/1437/
ZK005,Coğrafya,Orta,Diyarbakır Surları ve Hevsel Bahçeleri hangi nehir havzasıyla birlikte tanımlanır?,Fırat,Dicle,Aras,Kızılırmak,B,Dicle,"UNESCO tanımında alan, Yukarı Dicle Nehri Havzası üzerindeki bir kültürel peyzajdır.","Dicle, Hevsel, UNESCO",https://whc.unesco.org/en/list/1488/
ZK006,Coğrafya,Kolay,KRG’nin resmi tanıtımında bölgenin komşu olduğu ülkelerden biri hangisidir?,İtalya,Türkiye,Mısır,Hindistan,B,Türkiye,"KRG’nin yatırım/tanıtım sayfasında bölgenin Türkiye, İran ve Suriye ile sınır ilişkisi vurgulanır.","KRG, sınırlar, Türkiye",https://gov.krd/boi-en/why-kurdistan/region/facts-figures/
ZK007,Coğrafya,Orta,Rojhilat ifadesi Kürt siyasal-kültürel terminolojisinde genellikle hangi bölgeyi anlatır?,İran’daki Kürt bölgesi,Suriye’deki Kürt bölgesi,Irak’taki Kürt bölgesi,Avrupa diasporası,A,İran’daki Kürt bölgesi,Rojhilat “doğu” anlamıyla İran Kürdistanı için kullanılan Kürtçe bölgesel adlandırmadır.,"Rojhilat, İran Kürdistanı, yön adları",https://www.britannica.com/place/Kurdistan
ZK008,Coğrafya,Orta,Başûr ifadesi Kürtçe bölgesel adlandırmada çoğunlukla nereyi anlatır?,Kuzey Kürdistan,Güney Kürdistan / Irak Kürdistanı,Batı Kürdistan,Kafkasya diasporası,B,Güney Kürdistan / Irak Kürdistanı,Başûr “güney” demektir ve yaygın politik-kültürel kullanımda Irak Kürdistanı’nı belirtir.,"Başûr, Irak Kürdistanı, Kürtçe yönler",https://www.britannica.com/place/Kurdistan
ZK009,Coğrafya,Orta,Bakur ifadesi Kürtçe bölgesel adlandırmada hangi alan için kullanılır?,Türkiye’deki Kürt bölgesi,İran’daki Kürt bölgesi,Suriye’deki Kürt bölgesi,Lübnan’daki Kürt diasporası,A,Türkiye’deki Kürt bölgesi,Bakur “kuzey” anlamındadır ve Türkiye’deki Kürt coğrafyası için yaygın bir addır.,"Bakur, Türkiye Kürdistanı, yön adları",https://www.britannica.com/place/Kurdistan
ZK010,Coğrafya,Orta,Rojava ifadesi en çok hangi ülkenin kuzeyindeki Kürt bölgeleriyle ilişkilidir?,Suriye,Irak,İran,Ermenistan,A,Suriye,Rojava “batı” anlamına gelir ve Suriye’nin kuzeyindeki Kürt bölgeleri için kullanılır.,"Rojava, Suriye, Batı Kürdistan",https://rojavainformationcenter.org/2023/12/aanes-social-contract-2023-edition/
ZK011,Coğrafya,Zor,2025 itibarıyla Halepçe’nin Irak idari yapısındaki statüsüne dair en güncel doğru ifade hangisidir?,Irak’ın 19. vilayeti/gubernatorluğu olarak ayrı statü kazandı,Bağdat’ın ilçesi oldu,KRG’den tamamen çıkarıldı,Suriye’ye bağlandı,A,Irak’ın 19. vilayeti/gubernatorluğu olarak ayrı statü kazandı,2025 başlarında Halepçe’nin Irak’ın 19. vilayeti olarak ayrıldığı raporlandı; KRG kültürel-siyasal anlatısında da dört ana vilayet arasında anılır.,"Halepçe, 2025, idari statü",https://www.euaa.europa.eu/country-origin-information-report/148-kurdistan-region-iraq-erbil-dohuk-sulaymaniyah
ZK012,Coğrafya,Kolay,Mahabad kenti günümüzde hangi ülkededir?,Irak,İran,Suriye,Türkiye,B,İran,"Mahabad, İran’ın batısında Kürt tarihi açısından sembolik önemi olan bir kenttir.","Mahabad, İran, Rojhilat",https://www.britannica.com/place/Kurdistan
ZK013,Tarih,Kolay,Selahaddin Eyyubi hangi hanedanın kurucusu olarak bilinir?,Eyyubi Hanedanı,Safevi Hanedanı,Osmanlı Hanedanı,Abbasi Hanedanı,A,Eyyubi Hanedanı,"Britannica, Selahaddin’i Eyyubi hanedanının kurucusu ve Mısır-Suriye merkezli bir hükümdar olarak tanımlar.","Selahaddin, Eyyubiler, tarih",https://www.britannica.com/biography/Saladin
ZK014,Tarih,Orta,Eyyubi Hanedanı hangi dönemlerde Ortadoğu’da etkili olmuştur?,12.-13. yüzyıllar,5.-6. yüzyıllar,18.-19. yüzyıllar,20. yüzyılın sonu,A,12.-13. yüzyıllar,"Eyyubiler, 12. yüzyıl sonu ve 13. yüzyıl başlarında Mısır, Suriye ve çevresinde hüküm sürdü.","Eyyubiler, Ortaçağ, Selahaddin",https://www.britannica.com/topic/Ayyubid-dynasty
ZK015,Tarih,Orta,Kürt tarih yazımında Şerefname adlı eser kiminle ilişkilendirilir?,Şeref Han Bitlisi,Ehmedê Xanî,Cegerxwîn,Mikdad Midhat Bedirxan,A,Şeref Han Bitlisi,"Şerefname, Kürt emirlikleri ve hanedanları hakkında erken dönem önemli kaynaklardan biridir.","Şerefname, Bitlis, tarih yazımı",https://www.iranicaonline.org/articles/kurdish-written-literature/
ZK016,Tarih,Orta,Baban Emirliği en çok hangi şehir merkezli Kürt emirliği olarak anılır?,Silêmanî / Süleymaniye,Kobanê,Dersim,Qamişlo,A,Silêmanî / Süleymaniye,"Baban Emirliği, özellikle Süleymaniye çevresindeki Kürt emirliği olarak bilinir.","Baban, Süleymaniye, emirlikler",https://www.iranicaonline.org/articles/baban-2/
ZK017,Tarih,Zor,Kürt emirliklerinin 19. yüzyılda zayıflamasında hangi süreç belirleyici olmuştur?,Osmanlı ve Kaçar merkezileşme politikaları,Viking seferleri,Roma cumhuriyet reformları,Moğolların Japonya seferi,A,Osmanlı ve Kaçar merkezileşme politikaları,"Baban, Botan ve Soran gibi emirlikler, imparatorluk merkezileşmesi ve bölgesel rekabetler içinde geriledi.","emirlikler, merkezileşme, 19. yüzyıl",https://www.iranicaonline.org/articles/baban-2/
ZK018,Tarih,Kolay,Kürdistan adlı ilk Kürt gazetesi ilk kez hangi yıl yayımlandı?,1898,1923,1946,1978,A,1898,Kürdistan gazetesi 1898’de yayımlanarak Kürt basın tarihi için başlangıç noktası kabul edilir.,"Kürt basını, gazete, 1898",https://doaj.org/article/722cc50860b24dc68424aac624e6c710
ZK019,Tarih,Orta,İlk Kürt gazetesi Kürdistan nerede yayıma başlamıştır?,Kahire,Paris,Bağdat,Diyarbakır,A,Kahire,"Kürdistan gazetesi, Osmanlı baskısından uzak bir yayın zemini olarak Kahire’de çıkarılmıştır.","Kahire, Kürdistan gazetesi, basın",https://doaj.org/article/722cc50860b24dc68424aac624e6c710
ZK020,Tarih,Orta,Mahabad Cumhuriyeti hangi yılda kurulmuş kısa ömürlü Kürt siyasal deneyimidir?,1915,1920,1946,1991,C,1946,Mahabad Cumhuriyeti 1946’da İran’da ilan edilmiş ve aynı yıl sona ermiş kısa ömürlü bir Kürt yönetimiydi.,"Mahabad, 1946, cumhuriyet",https://www.britannica.com/place/Kurdistan
ZK021,Tarih,Zor,Mustafa Barzani 1946’da hangi kısa ömürlü Kürt siyasal deneyiminde askeri komutan olarak öne çıktı?,Mahabad Cumhuriyeti,Eyyubi Devleti,Soran Emirliği,Rojava Sosyal Sözleşmesi,A,Mahabad Cumhuriyeti,"Britannica, Mustafa Barzani’nin Mahabad Cumhuriyeti ordusunda komutan olarak öne çıktığını belirtir.","Mustafa Barzani, Mahabad, 1946",https://www.britannica.com/biography/Mustafa-al-Barzani
ZK022,Tarih,Kolay,Kürt tarihindeki Newroz anlatısında zalime karşı direnişin sembol ismi kimdir?,Kawa/Kave Demirci,Sokrates,Sezar,Marco Polo,A,Kawa/Kave Demirci,"Kürt Newroz anlatısında Kawa, Dehak/Zahhak zulmüne karşı başkaldırının sembol figürüdür.","Newroz, Kawa, direniş",https://www.unesco.org/en/days/nowruz
ZK023,Tarih,Orta,1920 Sevr Antlaşması Kürt meselesi açısından neden sık anılır?,Kürtler için özerklik/olası bağımsızlık maddeleri tartışıldığı için,Kürtçeyi yasakladığı için,Erbil Kalesi’ni UNESCO’ya aldığı için,Mahabad’ı kurduğu için,A,Kürtler için özerklik/olası bağımsızlık maddeleri tartışıldığı için,"Sevr, modern Kürt siyasi tartışmalarında özerklik ve olası statü tartışmaları nedeniyle referans verilir.","Sevr, Kürt meselesi, statü",https://www.britannica.com/place/Kurdistan
ZK024,Tarih,Orta,1991 sonrası Irak’ın kuzeyinde Kürtler açısından hangi süreç güçlendi?,Fiili özerk yönetim ve sonrasında KRG kurumlaşması,Tamamen sömürge yönetimi,Roma eyaleti statüsü,Moğol hanlığı yönetimi,A,Fiili özerk yönetim ve sonrasında KRG kurumlaşması,1991 sonrası Irak Kürdistanı’nda özerk yönetim kurumlarının gelişmesi KRG’nin temel tarihsel süreçlerinden biridir.,"KRG, 1991, özerklik",https://gov.krd/boi-en/why-kurdistan/region/facts-figures/
ZK025,Dil,Kolay,Kürtçe hangi büyük dil ailesinin Hint-İran koluyla ilişkilendirilir?,Hint-Avrupa,Ural,Sino-Tibet,Bantu,A,Hint-Avrupa,"Kürtçe, Hint-Avrupa dil ailesinin Hint-İran/İrani kolundaki Batı İran dilleri içinde değerlendirilir.","Kürtçe, dil ailesi, İrani",https://www.britannica.com/topic/Kurdish-language
ZK026,Dil,Kolay,Kurmancî ve Soranî neyin iki önemli kolu/lehçesi olarak bilinir?,Kürtçenin,Arapçanın,Yunancanın,Rusçanın,A,Kürtçenin,"Kurmancî ve Soranî, Kürtçe denildiğinde en yaygın iki ana lehçe/standart olarak öne çıkar.","Kurmancî, Soranî, Kürtçe",https://www.britannica.com/topic/Kurdish-language
ZK027,Dil,Orta,Kurmancî çoğunlukla hangi yazı sistemiyle yazılır?,Latin kökenli Hawar alfabesi,Kiril alfabesi dışında hiçbir alfabe,Çivi yazısı,Japon kana sistemi,A,Latin kökenli Hawar alfabesi,"Kurmancî, özellikle Türkiye ve Suriye bağlamında Latin temelli Hawar alfabesiyle yaygınlaşmıştır.","Hawar, Kurmancî, alfabe",https://nykcc.org/langauge/hawar-archive/
ZK028,Dil,Orta,Soranî Kürtçesi Irak ve İran’da çoğunlukla hangi yazı sistemiyle yazılır?,Arap temelli Kürt alfabesi,Latin Hawar alfabesi dışında hiç yazılmaz,Runik yazı,Gürcü alfabesi,A,Arap temelli Kürt alfabesi,"Soranî, Irak ve İran’da Arap temelli Kürt alfabesiyle yaygın biçimde yazılır.","Soranî, alfabe, yazı sistemi",https://www.britannica.com/topic/Kurdish-language
ZK029,Dil,Orta,Zazakî ve Goranî için dilbilimde en doğru yaklaşım hangisidir?,Kürt topluluklarıyla güçlü sosyo-kültürel bağı olan ama sınıflandırması tartışmalı İranî diller/lehçeler,Tamamen Latin dilleridir,Çin-Tibet dilidir,Modern İngilizcenin kollarıdır,A,Kürt topluluklarıyla güçlü sosyo-kültürel bağı olan ama sınıflandırması tartışmalı İranî diller/lehçeler,"Zazakî ve Goranî, Kürt kimliğiyle ilişkilendirilen ancak dilbilimsel sınıflandırması tartışmalı İranî konuşma biçimleridir.","Zazakî, Goranî, sınıflandırma",https://www.britannica.com/topic/Kurdish-language
ZK030,Dil,Kolay,Kürtçede “roj” kelimesi en temel anlamıyla ne demektir?,Güneş/gün,Su,Dağ,Kitap,A,Güneş/gün,"Roj, Kürtçede “gün” ve “güneş” anlam alanıyla ilişkilidir; Rojava gibi yer adlarında da görülür.","Kürtçe kelime, roj, sözlük",https://www.britannica.com/topic/Kurdish-language
ZK031,Dil,Kolay,Kürtçede “av” kelimesi ne anlama gelir?,Su,Ateş,Yol,Dost,A,Su,"Av, Kurmancîde su anlamına gelen temel kelimelerden biridir.","Kürtçe kelime, av, su",https://www.britannica.com/topic/Kurdish-language
ZK032,Dil,Kolay,Kürtçede “heval” kelimesi genellikle ne demektir?,Arkadaş/yoldaş,Dağ,Yemek,Pazar,A,Arkadaş/yoldaş,"Heval, gündelik kullanımda arkadaş; siyasal-kolektif bağlamda yoldaş anlamında kullanılır.","heval, arkadaş, yoldaş",https://www.britannica.com/topic/Kurdish-language
ZK033,Dil,Orta,Kürtçe dijital teknoloji açısından neden “az kaynaklı dil” olarak sık anılır?,"Dijital veri, standartlaştırılmış korpus ve NLP kaynağı sınırlı olduğu için",Hiç konuşanı olmadığı için,Yalnızca matematikte kullanıldığı için,Yazıya aktarılamadığı için,A,"Dijital veri, standartlaştırılmış korpus ve NLP kaynağı sınırlı olduğu için","Kürtçe NLP çalışmalarında korpus, etiketli veri ve dil teknolojisi kaynağı eksikliği önemli bir sorun olarak belirtilir.","NLP, az kaynaklı dil, korpus",https://arxiv.org/abs/1909.11467
ZK034,Dil,Zor,KTC adlı çalışma Kürtçe için hangi alana katkı sunar?,Soranî ders kitaplarından oluşan metin korpusu,Kürt yemek tarifleri ansiklopedisi,KRG bütçe tablosu,Erbil Kalesi restorasyon planı,A,Soranî ders kitaplarından oluşan metin korpusu,"KTC, Soranî ders kitaplarından derlenen bir metin korpusu olarak Kürtçe NLP için kaynak sunar.","KTC, Soranî, korpus",https://arxiv.org/abs/1909.11467
ZK035,Dil,Orta,"Kürtçede “Jin, Jiyan, Azadî” sloganının Türkçedeki karşılığı hangisidir?","Kadın, yaşam, özgürlük","Dağ, su, güneş","Dil, kitap, okul","Ev, yol, pazar",A,"Kadın, yaşam, özgürlük","Slogan Kürtçe kadın, yaşam ve özgürlük kelimelerinden oluşur; feminist ve özgürlükçü hareketlerde sembolleşmiştir.","Jin Jiyan Azadî, slogan, kadın özgürlüğü",https://democraticmodernity.com/the-main-principles-of-democratic-confederalism/
ZK036,Dil,Zor,Kürtçe konuşma tanıma çalışmalarında Jira projesi hangi alanda örnek gösterilir?,Merkezî Kürtçe/Soranî için konuşma korpusu ve tanıma sistemi,Kürt mutfağı için yemek robotu,Diyarbakır surları restorasyonu,Mahabad tarihi romanı,A,Merkezî Kürtçe/Soranî için konuşma korpusu ve tanıma sistemi,"Jira, Merkezî Kürtçe için konuşma korpusu ve büyük sözvarlıklı konuşma tanıma çalışması olarak sunulmuştur.","Jira, konuşma tanıma, Soranî",https://arxiv.org/abs/2102.07412
ZK037,Edebiyat ve Basın,Kolay,Mem û Zîn adlı klasik Kürt eseri en çok hangi yazar/şairle ilişkilendirilir?,Ehmedê Xanî,Nazım Hikmet,Dante,Tolstoy,A,Ehmedê Xanî,"Mem û Zîn, Ehmedê Xanî’nin Kürt edebiyatındaki en önemli eserlerinden biri kabul edilir.","Mem û Zîn, Ehmedê Xanî, edebiyat",https://www.iranicaonline.org/articles/kurdish-written-literature/
ZK038,Edebiyat ve Basın,Orta,Mem û Zîn hangi lehçede yazılmış klasik bir metin olarak öne çıkar?,Kurmancî,İngilizce,Latince,Japonca,A,Kurmancî,"Eser, klasik Kurmancî edebiyatının temel metinleri arasında anılır.","Kurmancî, klasik edebiyat, Mem û Zîn",https://www.iranicaonline.org/articles/kurdish-written-literature/
ZK039,Edebiyat ve Basın,Orta,Dengbêj geleneği edebiyat ve hafıza açısından neyi temsil eder?,Sözlü anlatı ve ezgili hikâye aktarımını,Sadece sessiz tiyatroyu,Matematiksel ispatları,Deniz haritacılığını,A,Sözlü anlatı ve ezgili hikâye aktarımını,Dengbêjler uzun anlatıları çoğu zaman müziksiz veya az eşlikle sözlü hafıza olarak taşır.,"dengbêj, sözlü kültür, hafıza",https://www.balcanicaucaso.org/en/cp_article/the-kurdish-storytellers/
ZK040,Edebiyat ve Basın,Orta,Kürt yazılı edebiyatı 20. yüzyıla kadar ağırlıkla hangi türde gelişti?,Şiir,Bilim kurgu romanı,Sinematik senaryo,Denizcilik günlükleri,A,Şiir,"Iranica, Kürtçe yazılı üretimin uzun süre ağırlıkla şiir olarak sürdüğünü, prose/düzyazının 20. yüzyılda geliştiğini belirtir.","şiir, yazılı edebiyat, tarih",https://www.iranicaonline.org/articles/kurdish-written-literature/
ZK041,Edebiyat ve Basın,Kolay,İlk Kürt gazetesi hangi adı taşır?,Kürdistan,Hawar,Azadiya Welat,Rojnameya Nû,A,Kürdistan,"Kürdistan gazetesi, ilk Kürt gazetesi olarak basın tarihinde özel bir yere sahiptir.","Kürdistan gazetesi, ilk gazete, basın",https://doaj.org/article/722cc50860b24dc68424aac624e6c710
ZK042,Edebiyat ve Basın,Orta,Kürt basın tarihindeki 22 Nisan tarihi neden önemlidir?,İlk Kürt gazetesi Kürdistan’ın yayımlanmasıyla ilişkilidir,Erbil Kalesi’nin inşasıdır,Mahabad’ın yıkılışıdır,KRG’nin kurulmasıdır,A,İlk Kürt gazetesi Kürdistan’ın yayımlanmasıyla ilişkilidir,"22 Nisan 1898, ilk Kürt gazetesi Kürdistan’ın çıkış tarihiyle ilişkilendirilir.","22 Nisan, Kürt gazeteciliği, basın günü",https://doaj.org/article/722cc50860b24dc68424aac624e6c710
ZK043,Edebiyat ve Basın,Orta,Hawar dergisi Kürtçe için özellikle hangi katkıyla hatırlanır?,Latin temelli Kürt alfabesinin yaygınlaşması,Kürtçeyi yasaklaması,Sadece Arapça yayın yapması,Hiç yazı yayımlamaması,A,Latin temelli Kürt alfabesinin yaygınlaşması,"Hawar çevresi, Latin temelli Kürt alfabesinin standartlaşması ve modern Kurmancî yazısı açısından önemlidir.","Hawar, alfabe, modern Kürtçe",https://nykcc.org/langauge/hawar-archive/
ZK044,Edebiyat ve Basın,Zor,Kürt edebiyatında sözlü kültürden modern romana geçişte hangi kaynak özellikle besleyici olmuştur?,"Masallar, destanlar ve dengbêj anlatıları",Sadece banka raporları,Sadece denizci haritaları,Sadece teknik çizimler,A,"Masallar, destanlar ve dengbêj anlatıları","Modern Kürt edebiyatında sözlü miras, kimlik, yer ve dil bilincini taşıyan güçlü bir kaynak olarak kullanılmıştır.","sözlü kültür, roman, dengbêj",https://fanack.com/culture/features-insights/kurdish-storytelling-tradition~126090/
ZK045,Edebiyat ve Basın,Orta,Cegerxwîn en çok hangi alanda tanınan Kürt figürüdür?,Şair ve yazar,Fizikçi,Deniz kaptanı,Roma imparatoru,A,Şair ve yazar,"Cegerxwîn, modern Kürt şiiri ve politik-kültürel edebiyat içinde öne çıkan bir isimdir.","Cegerxwîn, şiir, modern edebiyat",https://www.iranicaonline.org/articles/kurdish-written-literature/
ZK046,Edebiyat ve Basın,Orta,Melayê Cizîrî hangi edebi gelenekte anılır?,Klasik Kürt şiiri,Modern Fransız tiyatrosu,Antik Yunan destanı,Japon haiku geleneği dışında hiçbir şey,A,Klasik Kürt şiiri,"Melayê Cizîrî, klasik Kürt şiirinin önemli isimleri arasında sayılır.","Melayê Cizîrî, klasik şiir, edebiyat",https://www.iranicaonline.org/articles/kurdish-written-literature/
ZK047,Edebiyat ve Basın,Kolay,“Kilam” kelimesi Kürt kültüründe en çok neyle ilişkilidir?,Türkü/ezgili söz,Taş ocağı,Para birimi,Deniz aracı,A,Türkü/ezgili söz,"Kilam, dengbêjlik ve halk müziği bağlamında ezgili söz/halk şarkısı anlam alanına girer.","kilam, müzik, sözlü kültür",https://www.balcanicaucaso.org/en/cp_article/the-kurdish-storytellers/
ZK048,Edebiyat ve Basın,Zor,Kürtçe edebiyatta “dil canlandırması” neyi ifade eder?,"Kürtçenin yazı, yayın, eğitim ve dijital üretimde görünürlüğünü artırmayı",Dili tamamen bırakmayı,Sadece başka dillere çeviri yapmayı,Dil öğrenimini yasaklamayı,A,"Kürtçenin yazı, yayın, eğitim ve dijital üretimde görünürlüğünü artırmayı","Dil canlandırması, baskı ve kaynak eksikliği yaşamış dillerin kamusal, edebi ve dijital kullanım alanlarını güçlendirme çabasıdır.","dil canlandırması, yayın, eğitim",https://arxiv.org/abs/1909.11467
ZK049,Sanat ve Kültür,Kolay,Newroz Kürt kültüründe en çok hangi temalarla sembolleşir?,"Bahar, yenilenme ve özgürlük/direniş",Kış uykusu ve sessizlik,Denizcilik ve balıkçılık,Tamamen ticari alışveriş,A,"Bahar, yenilenme ve özgürlük/direniş","Newroz, baharın gelişi yanında Kürt kolektif hafızasında özgürlük ve direniş sembolü olarak da görülür.","Newroz, bahar, özgürlük",https://www.unesco.org/en/days/nowruz
ZK050,Sanat ve Kültür,Kolay,Newroz genellikle hangi tarihle ilişkilendirilir?,21 Mart,1 Ocak,30 Ağustos,29 Ekim,A,21 Mart,"UNESCO ve BM düzeyinde Nowruz/Newroz, 21 Mart ve bahar ekinoksu çevresiyle ilişkilendirilir.","Newroz, 21 Mart, bahar",https://www.unesco.org/en/days/nowruz
ZK051,Sanat ve Kültür,Orta,Dengbêjlikte sanatçının temel aracı çoğu zaman nedir?,Ses ve hafıza,Sadece elektronik davul,Sessiz mimik,Matbaa makinesi,A,Ses ve hafıza,"Dengbêjler toplumsal hafızayı ses, ezgi ve uzun anlatılarla aktarır.","dengbêj, ses, hafıza",https://www.balcanicaucaso.org/en/cp_article/the-kurdish-storytellers/
ZK052,Sanat ve Kültür,Kolay,Govend/Halparke neyi ifade eder?,Toplu halk dansı,Tek kişilik satranç türü,Bir yazı alfabesi,Bir yemek türü,A,Toplu halk dansı,"Govend veya Halparke, Kürt düğün ve kutlamalarında görülen toplu halk danslarını ifade eder.","govend, halay, halk dansı",https://fanack.com/culture/features-insights/kurdish-storytelling-tradition~126090/
ZK053,Sanat ve Kültür,Orta,Kürt kültüründe def ve tembûr hangi alanla ilişkilidir?,Müzik ve ritüel/ezgi geleneği,Sadece tarım makineleri,Savaş gemileri,Mimari ölçüm,A,Müzik ve ritüel/ezgi geleneği,"Def ve tembûr, Kürt ve bölge müzik geleneklerinde ritim ve ezgi taşıyan önemli çalgılardır.","def, tembûr, müzik",https://fanack.com/culture/features-insights/kurdish-storytelling-tradition~126090/
ZK054,Sanat ve Kültür,Orta,Kürt kilimleri ve dokumaları kültür araştırmalarında neden önemlidir?,"Gündelik yaşam, motif ve yerel estetik bilgisini taşıdığı için",Sadece plastikten üretildiği için,Hiç motif içermediği için,Yalnızca yazılım kodu olduğu için,A,"Gündelik yaşam, motif ve yerel estetik bilgisini taşıdığı için","Dokuma ve motifler, toplulukların yerel hafıza, üretim ve estetik dünyasına dair ipuçları taşır.","kilim, motif, zanaat",https://www.britannica.com/topic/Kurd
ZK055,Sanat ve Kültür,Kolay,Kürt düğün kültüründe topluluk duygusunu en çok güçlendiren unsurlardan biri hangisidir?,Halka biçiminde toplu dans,Herkesin ayrı odada kalması,Tam sessizlik zorunluluğu,Sadece çevrim içi form doldurma,A,Halka biçiminde toplu dans,"Govend/halay, ritim ve ortak hareketle kolektif aidiyeti görünür kılar.","düğün, govend, kolektiflik",https://fanack.com/culture/features-insights/kurdish-storytelling-tradition~126090/
ZK056,Sanat ve Kültür,Orta,Kürt kültüründe ağıtlar hangi işleve sıkça sahiptir?,"Acıyı, kaybı ve toplumsal hafızayı aktarmak",Yalnızca matematik öğretmek,Ticari sözleşme yapmak,Deniz pusulası üretmek,A,"Acıyı, kaybı ve toplumsal hafızayı aktarmak","Ağıtlar, bireysel yasın yanında toplumsal olayların ve kolektif acının hafızasını taşır.","ağıt, hafıza, yas",https://www.balcanicaucaso.org/en/cp_article/the-kurdish-storytellers/
ZK057,Sanat ve Kültür,Zor,"Dengbêjlik neden sadece “müzik” olarak değil, aynı zamanda tarihsel bellek olarak da görülür?","Çünkü aşiret, göç, aşk, savaş, yas ve direniş anlatılarını kuşaktan kuşağa aktarır",Çünkü sadece enstrüman satışı yapar,Çünkü yazı kullanmayı yasaklar,Çünkü modern toplumla hiç ilişkisi yoktur,A,"Çünkü aşiret, göç, aşk, savaş, yas ve direniş anlatılarını kuşaktan kuşağa aktarır","Dengbêj repertuvarı, yazılı arşivlerin eksik kaldığı yerlerde toplumsal anlatı ve bellek işlevi görür.","dengbêj, tarihsel bellek, arşiv",https://www.balcanicaucaso.org/en/cp_article/the-kurdish-storytellers/
ZK058,Sanat ve Kültür,Kolay,Kürtçe “rengîn” kelimesi kültürel betimlemelerde ne anlama gelir?,Renkli,Sessiz,Susuz,Karanlık,A,Renkli,"Rengîn, renkli anlamıyla kültürel çeşitlilik ve estetik betimlemelerde kullanılabilir.","rengîn, Kürtçe, estetik",https://www.britannica.com/topic/Kurdish-language
ZK059,Sanat ve Kültür,Orta,UNESCO listesinde yer alan Erbil Kalesi nasıl bir yerleşim örneğidir?,Höyük üzerinde gelişmiş eski tahkimli yerleşim,Modern havaalanı terminali,Tamamen yüzer ada,Yeraltı metro hattı,A,Höyük üzerinde gelişmiş eski tahkimli yerleşim,"UNESCO, Erbil Kalesi’ni höyük üzerinde gelişmiş nadir bir eski tahkimli yerleşim örneği olarak tanımlar.","Erbil Kalesi, höyük, UNESCO",https://whc.unesco.org/en/list/1437/
ZK060,Sanat ve Kültür,Orta,Hevsel Bahçeleri’nin kültürel önemi en iyi hangi ifadeyle anlatılır?,Diyarbakır Surları ile Dicle arasında tarihsel peyzaj ve üretim alanı olması,Tamamen çöl olması,Hiç insan yerleşimiyle bağı olmaması,Sadece sanayi bacalarından oluşması,A,Diyarbakır Surları ile Dicle arasında tarihsel peyzaj ve üretim alanı olması,"Hevsel, surlar ve Dicle arasındaki tarihsel peyzajın canlı bir parçası olarak değerlendirilir.","Hevsel, peyzaj, Dicle",https://whc.unesco.org/en/list/1488/
ZK061,Yemek ve Gündelik Yaşam,Kolay,Kürt mutfağında dolma/yaprax en genel olarak nedir?,İç harçla doldurulan sebze veya yaprak yemeği,Sadece tatlı şerbet,Kuru ekmek kırıntısı,Bir müzik aleti,A,İç harçla doldurulan sebze veya yaprak yemeği,"Kürt mutfağında dolma veya yaprax, yaprak ve sebzelerin pirinçli/etli harçla doldurulmasıyla yapılır.","dolma, yaprax, yemek",https://austria.gov.krd/en/tourism-in-kurdistan/
ZK062,Yemek ve Gündelik Yaşam,Kolay,Kürt misafirperverliğinde en yaygın ikramlardan biri hangisidir?,Çay,Sadece buz,Karton para,Deniz tuzu heykeli,A,Çay,"Bölgesel yemek kültüründe çay, ev içi ve toplumsal misafirliklerin temel ikramlarından biridir.","çay, misafirperverlik, gündelik yaşam",https://austria.gov.krd/en/tourism-in-kurdistan/
ZK063,Yemek ve Gündelik Yaşam,Orta,Şila û birinc / şila u brinc ifadesi KRG turizm kaynaklarında nasıl tanıtılır?,Tavuk ve pirinçle yapılan geleneksel yemek,Sadece soğuk içecek,Bir dans türü,Bir yazı alfabesi,A,Tavuk ve pirinçle yapılan geleneksel yemek,"KRG turizm sayfası, şila u brinc’i tavuk ve pilav temelli geleneksel yemek olarak anar.","şila u brinc, yemek, pirinç",https://austria.gov.krd/en/tourism-in-kurdistan/
ZK064,Yemek ve Gündelik Yaşam,Kolay,Biryani Kürdistan ve Irak mutfağında genellikle hangi ana malzemeyle ilişkilidir?,Baharatlı pirinç,Sadece yoğurt,Sadece mercimek suyu,Kahve çekirdeği,A,Baharatlı pirinç,"Biryani, pirinç, et ve baharatların birlikte kullanıldığı bölgesel bir yemektir.","biryani, pirinç, mutfak",https://austria.gov.krd/en/tourism-in-kurdistan/
ZK065,Yemek ve Gündelik Yaşam,Orta,Kürt sofralarında yemeğin büyük tepsi veya ortak sunumla paylaşılması neyi güçlendirir?,Topluluk ve aile bağlarını,Tam bireysel izolasyonu,Yemek yasağını,Sessiz sınav düzenini,A,Topluluk ve aile bağlarını,"Ortak sunum ve paylaşım, aile, komşuluk ve misafirlik ilişkilerini güçlendiren kültürel pratiklerdir.","sofra, paylaşım, aile",https://austria.gov.krd/en/tourism-in-kurdistan/
ZK066,Yemek ve Gündelik Yaşam,Kolay,Dew/doogh türü içecek hangi ana malzemeyle ilişkilidir?,Yoğurt/ayran,Kahve likörü,Sadece limon kabuğu,Mısır unu,A,Yoğurt/ayran,"Dew/doogh, yoğurt temelli ferahlatıcı bir içecek geleneğiyle ilişkilidir.","dew, ayran, içecek",https://austria.gov.krd/en/tourism-in-kurdistan/
ZK067,Yemek ve Gündelik Yaşam,Orta,Tirşik birçok Kürt bölgesinde hangi yemek grubuna örnektir?,Ekşili/etli sebze yemeği veya yahni,Sadece tatlı kurabiye,Sadece çiğ meyve salatası,Bir alfabe türü,A,Ekşili/etli sebze yemeği veya yahni,"Tirşik adı farklı bölgelerde değişen tariflerle ekşili, sebzeli ve etli yemekler için kullanılabilir.","tirşik, yahni, bölgesel yemek",https://austria.gov.krd/en/tourism-in-kurdistan/
ZK068,Yemek ve Gündelik Yaşam,Kolay,Kürt mutfağında “nan” neyi ifade eder?,Ekmek,Su,Dağ,Renk,A,Ekmek,"Nan, Kürtçede ekmek anlamına gelen temel kelimedir.","nan, ekmek, Kürtçe",https://www.britannica.com/topic/Kurdish-language
ZK069,Yemek ve Gündelik Yaşam,Orta,Kışlık hazırlıklar ve kurutmalar geleneksel Kürt yaşamında neden önemlidir?,Dağlık iklimde mevsimsel dayanıklılık ve gıda güvenliği sağladığı için,Yalnızca süs olarak kullanıldığı için,Tüm yemekleri yasakladığı için,Deniz ürünlerini artırdığı için,A,Dağlık iklimde mevsimsel dayanıklılık ve gıda güvenliği sağladığı için,"Dağlık ve mevsimsel koşullarda kurutma, saklama ve kışlık hazırlıklar hane ekonomisi için önemlidir.","kışlık, kurutma, dağ yaşamı",https://www.britannica.com/topic/Kurd
ZK070,Yemek ve Gündelik Yaşam,Kolay,Bamya/bamîye türü yemekler hangi kategoriye girer?,Sebze yemeği/yahni,Müzik türü,Siyasi kurum,Alfabe harfi,A,Sebze yemeği/yahni,"Bamya, domatesli veya etli sebze yemeği olarak bölgesel mutfaklarda yaygındır.","bamya, sebze, mutfak",https://austria.gov.krd/en/tourism-in-kurdistan/
ZK071,Yemek ve Gündelik Yaşam,Orta,Kürt mutfağındaki yerel yemek çeşitliliği neden tek bir standart tarife indirgenemez?,"Bölge, lehçe, iklim, tarım ve komşu mutfaklarla etkileşim farklı olduğu için",Hiç yemek olmadığı için,Tüm tarifler aynı fabrikadan çıktığı için,Sadece ithal ürün kullanıldığı için,A,"Bölge, lehçe, iklim, tarım ve komşu mutfaklarla etkileşim farklı olduğu için",Kürt coğrafyası geniş olduğu için malzemeler ve tarif adları bölgeden bölgeye değişebilir.,"mutfak çeşitliliği, bölgesellik, kültür",https://www.britannica.com/topic/Kurd
ZK072,Yemek ve Gündelik Yaşam,Kolay,Misafire “çay içmeden gitme” ısrarı kültürel olarak neyi gösterir?,Misafirperverlik ve ilişki kurma isteğini,Düşmanlık,Yalnızca resmi evrak zorunluluğunu,Sessizlik cezasını,A,Misafirperverlik ve ilişki kurma isteğini,"Çay ikramı, gündelik hayatta sohbet ve misafir ağırlama kültürünün sıcak bir parçasıdır.","çay, misafirperverlik, sohbet",https://austria.gov.krd/en/tourism-in-kurdistan/
ZK073,Siyaset,Kolay,Kürt meselesi en genel anlamıyla hangi temalar etrafında tartışılır?,"Kimlik, dil, kültürel haklar, statü ve demokratik temsil",Sadece spor kuralları,Sadece deniz ticareti,Sadece uzay madenciliği,A,"Kimlik, dil, kültürel haklar, statü ve demokratik temsil","Kürt meselesi, farklı ülkelerde kimlik, dil, siyasal temsil, güvenlik ve statü başlıklarıyla tartışılır.","Kürt meselesi, haklar, temsil",https://www.britannica.com/place/Kurdistan
ZK074,Siyaset,Orta,Demokratik konfederalizm hangi temel kavramlarla öne çıkar?,"Yerel demokrasi, kadın özgürlüğü, ekoloji ve çoğulculuk",Mutlak monarşi ve tekçilik,Sömürgecilik ve asimilasyon,Sadece piyasa reklamcılığı,A,"Yerel demokrasi, kadın özgürlüğü, ekoloji ve çoğulculuk","Demokratik konfederalizm, devletsiz/yerel demokrasi, kadın özgürlüğü, ekoloji ve çoğulculuk vurgularıyla tanımlanır.","demokratik konfederalizm, ekoloji, kadın",https://link.springer.com/chapter/10.1007/978-3-031-83746-3_1
ZK075,Siyaset,Orta,Abdullah Öcalan’ın 2005 sonrası politik paradigmasında hangi hedef öne çıkar?,Demokratik konfederalizm ve demokratik ulus tartışması,Klasik imparatorluk monarşisi,Tamamen apolitik spor kulübü,Sömürgeci merkeziyetçilik,A,Demokratik konfederalizm ve demokratik ulus tartışması,"Öcalan’ın 2005 sonrası yaklaşımı, bağımsız ulus-devlet merkezli çizgiden demokratik konfederalizm/demokratik ulus tartışmasına kayış olarak yorumlanır.","Öcalan, paradigma, demokratik ulus",https://link.springer.com/chapter/10.1007/978-3-031-83746-3_1
ZK076,Siyaset,Orta,Demokratik modernite kavramı hangi düşünceyle karşıtlık içinde ele alınır?,Kapitalist modernite ve merkezi ulus-devlet eleştirisi,Doğa sevgisiyle karşıtlık,Dil haklarıyla karşıtlık,Toplumsal cinsiyet eşitliğiyle karşıtlık,A,Kapitalist modernite ve merkezi ulus-devlet eleştirisi,"Demokratik modernite, kapitalist modernite, merkeziyetçilik ve tekçi ulus-devlet eleştirisiyle formüle edilir.","demokratik modernite, kapitalist modernite, devlet eleştirisi",https://democraticmodernity.com/the-main-principles-of-democratic-confederalism/
ZK077,Siyaset,Kolay,Eşbaşkanlık sistemi hangi ilkeyi kurumsallaştırmayı hedefler?,Kadın-erkek eşit temsili ve ortak yönetimi,Tek kişinin sınırsız yönetimini,Yalnızca ekonomik kârı,Dil yasağını,A,Kadın-erkek eşit temsili ve ortak yönetimi,"Eşbaşkanlık, kadınların siyasal temsiline ve karar süreçlerinde ortak yönetime alan açan bir modeldir.","eşbaşkanlık, kadın temsili, demokrasi",https://rojavainformationcenter.org/2023/12/aanes-social-contract-2023-edition/
ZK078,Siyaset,Orta,Komün/meclis modeli demokratik konfederalizmde neyi güçlendirmeyi amaçlar?,Tabandan katılım ve yerel karar alma,Tüm kararları tek merkeze toplamayı,Seçimsiz aristokrasiyi,Sadece askerî hiyerarşiyi,A,Tabandan katılım ve yerel karar alma,"Komün ve meclisler, mahalle/yerel düzeyden başlayarak katılımı ve doğrudan demokrasiyi güçlendirme fikrine dayanır.","komün, meclis, yerel demokrasi",https://democraticmodernity.com/the-main-principles-of-democratic-confederalism/
ZK079,Siyaset,Zor,2023 AANES/Rojava Sosyal Sözleşmesi hangi ilkeleri özellikle vurgular?,"Toplumsal cinsiyet eşitliği, ekoloji, çoğulculuk ve demokratik ilkeler",Tek parti monarşisi,Kültürel yasak ve asimilasyon,Sadece petrol ihracatı,A,"Toplumsal cinsiyet eşitliği, ekoloji, çoğulculuk ve demokratik ilkeler","2023 Sosyal Sözleşme metni, merkezi ulus-devlet yerine demokratik, ekolojik ve kadın özgürlükçü ilkeleri öne çıkarır.","AANES, Rojava, Sosyal Sözleşme",https://rojavainformationcenter.org/2023/12/aanes-social-contract-2023-edition/
ZK080,Siyaset,Zor,Şubat 2025’te Abdullah Öcalan’ın çağrısında PKK için hangi yönelim öne çıktı?,Silah bırakma ve örgütsel yapıyı feshetme çağrısı,Yeni bir krallık kurma çağrısı,Dilin tamamen terk edilmesi çağrısı,Sanat festivallerini yasaklama çağrısı,A,Silah bırakma ve örgütsel yapıyı feshetme çağrısı,"Reuters, Öcalan’ın Şubat 2025’te PKK’ye silah bırakma ve kendini feshetme çağrısı yaptığını bildirdi.","2025, Öcalan, silahsızlanma",https://www.reuters.com/world/middle-east/turkeys-pro-kurdish-party-sets-off-visit-jailed-militant-leader-2025-02-27/
ZK081,Siyaset,Zor,Mayıs 2025’te PKK 12. Kongresi için bildirilen tarihsel karar neydi?,Örgütsel yapının feshi ve silahlı mücadelenin sonlandırılması,Yeni alfabe ilanı,Erbil Kalesi restorasyonu,Kürt mutfağı festivali,A,Örgütsel yapının feshi ve silahlı mücadelenin sonlandırılması,"Reuters’a göre PKK 12. Kongresi, örgütsel yapının feshi ve silahlı mücadelenin sonlandırılması kararını bildirdi.","PKK, 2025, fesih",https://www.reuters.com/world/middle-east/kurdish-pkk-dissolves-after-decades-struggle-with-turkey-news-agency-close-2025-05-12/
ZK082,Siyaset,Zor,2026’da Reuters’ın aktardığı Öcalan açıklamasında barış süreci için neyin gerekli olduğu vurgulandı?,Yasal düzenlemeler ve demokratik entegrasyon adımları,Sadece yeni bir yemek kitabı,Tüm dillerin yasaklanması,UNESCO listesinden çıkmak,A,Yasal düzenlemeler ve demokratik entegrasyon adımları,2026’daki açıklamada barış bağlantılı yasalar ve demokratik entegrasyon vurgusu öne çıktı.,"2026, barış süreci, yasal düzenleme",https://www.reuters.com/business/media-telecom/jailed-kurdish-militant-boss-says-peace-laws-needed-democratic-integration-2026-02-27/
ZK083,Siyaset,Orta,DEM Parti hangi siyasal zeminde anılır?,Türkiye’de yasal pro-Kürt/sol-demokratik parti siyaseti,Bir yemek zinciri,Bir antik hanedan,Bir spor ayakkabı markası,A,Türkiye’de yasal pro-Kürt/sol-demokratik parti siyaseti,"DEM Parti, Türkiye’de Kürt meselesi, demokrasi, yerel yönetim ve haklar ekseninde yasal siyaset yürüten bir parti olarak anılır.","DEM Parti, yasal siyaset, Türkiye",https://www.reuters.com/world/middle-east/turkeys-pro-kurdish-party-sets-off-visit-jailed-militant-leader-2025-02-27/
ZK084,Siyaset,Orta,Kürt hareketinin demokratik siyaset vurgusunda “çözüm” için hangi araç daha çok öne çıkar?,"Müzakere, demokratik reform ve hakların güvenceye alınması",Kültürel yasak,Toplumsal eşitsizliğin artırılması,Bütün yerel kurumları kapatma,A,"Müzakere, demokratik reform ve hakların güvenceye alınması","2025 sonrası tartışmalarda demokratikleşme, hukuki güvence ve silahsız siyasal çözüm kavramları daha fazla öne çıktı.","çözüm süreci, demokratik reform, haklar",https://www.reuters.com/business/media-telecom/jailed-kurdish-militant-boss-says-peace-laws-needed-democratic-integration-2026-02-27/
ZK085,Paradigma,Kolay,"“Jin, Jiyan, Azadî” sloganında “jin” ne demektir?",Kadın,Dağ,Kitap,Ev,A,Kadın,"Jin, Kürtçede kadın anlamına gelir; slogan kadın özgürlüğünü merkeze alan bir ifade haline gelmiştir.","jin, kadın, slogan",https://democraticmodernity.com/the-main-principles-of-democratic-confederalism/
ZK086,Paradigma,Kolay,“Azadî” kelimesinin Türkçe karşılığı hangisidir?,Özgürlük,Yemek,Köprü,Kış,A,Özgürlük,"Azadî, Kürtçede özgürlük anlamına gelir ve politik-kültürel sloganlarda sık kullanılır.","azadî, özgürlük, Kürtçe",https://www.britannica.com/topic/Kurdish-language
ZK087,Paradigma,Orta,Jineolojî en kısa nasıl açıklanabilir?,Kadın bilgisi/bilimi ve patriyarka eleştirisi etrafında gelişen yaklaşım,Sadece yemek tarifi kitabı,Bir dağ adı,Denizcilik tekniği,A,Kadın bilgisi/bilimi ve patriyarka eleştirisi etrafında gelişen yaklaşım,"Jineolojî, kadın özgürlüğü, toplumsal cinsiyet, tarih ve bilgi üretimini yeniden düşünmeye odaklanan bir yaklaşımdır.","jineolojî, kadın özgürlüğü, bilgi",https://democraticmodernity.com/the-main-principles-of-democratic-confederalism/
ZK088,Paradigma,Orta,Demokratik konfederalizmde ekoloji neden merkezi bir başlıktır?,Toplum-doğa ilişkisini iktidar ve ekonomi eleştirisiyle birlikte ele aldığı için,Doğayı tamamen yok saydığı için,Sadece betonlaşmayı savunduğu için,Tarımı yasakladığı için,A,Toplum-doğa ilişkisini iktidar ve ekonomi eleştirisiyle birlikte ele aldığı için,"Paradigma, sosyal sorunları ekolojik krizle bağlantılı düşünür ve yerel, sürdürülebilir yaşamı vurgular.","ekoloji, demokratik modernite, sürdürülebilirlik",https://democraticmodernity.com/the-main-principles-of-democratic-confederalism/
ZK089,Paradigma,Orta,“Demokratik ulus” kavramı hangi düşünceye yakındır?,Tek etnik kimlik yerine çoğul kimliklerin demokratik birlikteliği,Tek dil ve tek kimlik dayatması,Sadece hanedan yönetimi,Kültürsüz toplum modeli,A,Tek etnik kimlik yerine çoğul kimliklerin demokratik birlikteliği,"Demokratik ulus, ortak yaşamı tekçi milliyetçilik yerine çoğulculuk ve demokratik aidiyet üzerinden kurmayı hedefler.","demokratik ulus, çoğulculuk, ortak yaşam",https://link.springer.com/chapter/10.1007/978-3-031-83746-3_1
ZK090,Paradigma,Orta,“Öz yönetim” kavramı bu bağlamda neyi ifade eder?,Yerel toplumun kendi karar süreçlerine katılması,Bütün kararların dışarıdan atanması,Toplumun siyasetten dışlanması,Sadece merkezi bürokrasi,A,Yerel toplumun kendi karar süreçlerine katılması,"Öz yönetim, yerel toplulukların gündelik yaşam ve kamu işleri hakkında söz sahibi olmasını ifade eder.","öz yönetim, yerellik, demokrasi",https://democraticmodernity.com/the-main-principles-of-democratic-confederalism/
ZK091,Paradigma,Zor,Demokratik konfederalizmde “devletsiz demokrasi” vurgusu neyi anlatır?,Demokratik örgütlenmenin yalnızca merkezi devletle sınırlı olmadığını,Demokrasinin imkânsız olduğunu,Bireyin hiçbir hakkı olmadığını,Yalnızca piyasanın karar verdiğini,A,Demokratik örgütlenmenin yalnızca merkezi devletle sınırlı olmadığını,"Bu vurgu, yerel meclisler, komünler ve konfederal ağlarla toplumun kendi kendini yönetebilmesi fikrini anlatır.","devletsiz demokrasi, komün, konfederalizm",https://link.springer.com/chapter/10.1007/978-3-031-83746-3_1
ZK092,Paradigma,Orta,Kadın özgürlüğü paradigmanın hangi düzeyinde ele alınır?,"Sadece sembolik değil, örgütsel ve kurumsal düzeyde",Tamamen dışarıda bırakılarak,Yalnızca özel günlerde anılarak,Sadece mutfak başlığında,A,"Sadece sembolik değil, örgütsel ve kurumsal düzeyde","Kadın özgürlüğü, eşbaşkanlık, kota, kadın meclisleri ve jineolojî gibi kurumsal biçimlerle birlikte tartışılır.","kadın özgürlüğü, eşbaşkanlık, kurum",https://rojavainformationcenter.org/2023/12/aanes-social-contract-2023-edition/
ZK093,Paradigma,Kolay,“Hevalti” veya “hevaltî” kültürü hangi değere yakındır?,Yoldaşlık ve dayanışma,Yalnızlaşma,Ticari rekabetin kutsanması,Sessiz kalma zorunluluğu,A,Yoldaşlık ve dayanışma,"Hevaltî, arkadaşlık/yoldaşlık ilişkisini kolektif sorumluluk ve dayanışmayla birlikte düşünür.","hevaltî, dayanışma, kolektivite",https://democraticmodernity.com/the-main-principles-of-democratic-confederalism/
ZK094,Paradigma,Orta,Paradigmanın “çoğulculuk” vurgusu en iyi hangi seçenekle açıklanır?,"Farklı etnik, dini, cinsiyet ve kültürel kimliklerin birlikte yaşaması",Tek kimlik dışındakilerin inkârı,Tüm kültürel farklılıkların yasaklanması,Sadece bir ailenin yönetimi,A,"Farklı etnik, dini, cinsiyet ve kültürel kimliklerin birlikte yaşaması","Çoğulculuk, Kürtlerin yanı sıra Arap, Süryani, Ermeni, Türkmen, Ezidi ve diğer toplulukların haklarını da içeren ortak yaşam fikridir.","çoğulculuk, ortak yaşam, halklar",https://rojavainformationcenter.org/2023/12/aanes-social-contract-2023-edition/
ZK095,Paradigma,Zor,Rojava/AANES deneyiminde “sosyal sözleşme” neye benzer bir işleve sahiptir?,Kurucu ilkeleri ve yönetim esaslarını belirleyen anayasal belge,Sadece yemek menüsü,Bir müzik albümü,Tamamen özel şirket sözleşmesi,A,Kurucu ilkeleri ve yönetim esaslarını belirleyen anayasal belge,"Sosyal sözleşme, yönetim ilkeleri, haklar, kurumlar ve toplumsal ilkeleri düzenleyen anayasal nitelikte bir metindir.","Sosyal Sözleşme, AANES, anayasal belge",https://rojavainformationcenter.org/2023/12/aanes-social-contract-2023-edition/
ZK096,Paradigma,Kolay,"Bu soru bankasında politik konular neden şiddet talimatı gibi değil, kavram ve tarih bilgisi olarak ele alınmalıdır?","Eğitim uygulaması için güvenli, analitik ve demokratik öğrenme amaçlandığı için",Tarihi tamamen silmek için,Dilin öğrenilmesini engellemek için,Yanlış bilgiyi yaymak için,A,"Eğitim uygulaması için güvenli, analitik ve demokratik öğrenme amaçlandığı için","Soru bankası, kullanıcıyı bilgilendirmeye ve kavramları öğretmeye odaklanır; şiddet çağrısı veya operasyonel içerik içermez.","güvenli eğitim, politika, bilgi",https://www.reuters.com/world/middle-east/kurdish-pkk-dissolves-after-decades-struggle-with-turkey-news-agency-close-2025-05-12/
ZK097,Toplum ve Kimlik,Kolay,Kürtler en genel olarak hangi tür topluluk olarak tanımlanır?,Etnik ve dilsel topluluk,Sadece meslek grubu,Sadece spor kulübü,Sadece antik kent,A,Etnik ve dilsel topluluk,"Britannica, Kürtleri etnik ve dilsel bir topluluk olarak tanımlar.","Kürtler, etnik topluluk, dil",https://www.britannica.com/topic/Kurd
ZK098,Toplum ve Kimlik,Orta,Kürt toplumunda dini çeşitlilik için en doğru ifade hangisidir?,"Müslüman çoğunluk yanında Ezidi, Alevi, Yarsanî/Ehl-i Hak ve başka inanç toplulukları da vardır",Tek bir inanç dışında kimse yoktur,Hiçbir dini topluluk yoktur,Sadece Budist manastırlardan oluşur,A,"Müslüman çoğunluk yanında Ezidi, Alevi, Yarsanî/Ehl-i Hak ve başka inanç toplulukları da vardır","Kürt toplumları farklı ülkelerde Sünni, Alevi, Ezidi, Yarsanî/Ehl-i Hak ve diğer inanç gruplarını içeren çeşitlilik gösterir.","inanç, Ezidi, Alevi, Yarsanî",https://www.britannica.com/topic/Kurd
ZK099,Toplum ve Kimlik,Orta,Ezidiler Kürt kültürel coğrafyasında özellikle hangi başlıkla anılır?,Özgün dini-kültürel topluluk ve tarihsel travmalar,Sadece deniz ticareti,Roma ordusu,Japon tiyatrosu,A,Özgün dini-kültürel topluluk ve tarihsel travmalar,"Ezidiler, Kürtçe konuşan/kimliklenen topluluklar arasında özgün inanç yapıları ve yakın dönem travmalarıyla öne çıkar.","Ezidi, inanç, kimlik",https://www.britannica.com/topic/Kurd
ZK100,Toplum ve Kimlik,Kolay,Kürt kimliğinde dil neden merkezi bir öneme sahiptir?,"Kültürel hafıza, edebiyat, sözlü anlatı ve aidiyet taşıdığı için",Hiç konuşulmadığı için,Sadece ticari marka olduğu için,Tüm kültürü yok ettiği için,A,"Kültürel hafıza, edebiyat, sözlü anlatı ve aidiyet taşıdığı için","Dil, dengbêjlikten edebiyata ve günlük yaşama kadar kültürel hafızanın ana taşıyıcılarındandır.","dil, kimlik, kültürel hafıza",https://www.britannica.com/topic/Kurdish-language
ZK101,Toplum ve Kimlik,Orta,Kürt diasporası en çok hangi ihtiyacı canlı tutmaya çalışır?,"Dil, kültür, yayıncılık, dayanışma ve kimlik aktarımı",Kültürü unutma,Sadece spor bahisleri,Yerel dilleri yasaklama,A,"Dil, kültür, yayıncılık, dayanışma ve kimlik aktarımı","Diaspora kurumları ve yayınları, dilin ve kültürel belleğin kuşaklar arasında aktarılması için önemlidir.","diaspora, dil, kültür aktarımı",https://arxiv.org/abs/1909.11467
ZK102,Toplum ve Kimlik,Orta,Kürt toplumunda aşiret yapıları tarihsel olarak hangi işleve sahip olmuştur?,"Sosyal örgütlenme, güvenlik, üretim ve siyasal ilişki ağı",Sadece tiyatro dekoru,Hiç toplumsal işlevi yoktur,Deniz filosu,A,"Sosyal örgütlenme, güvenlik, üretim ve siyasal ilişki ağı",Aşiret yapıları tarihsel olarak sosyal dayanışma ve siyasal otorite ağlarının bir parçası olmuştur.,"aşiret, toplum, tarih",https://www.britannica.com/topic/Kurd
ZK103,Toplum ve Kimlik,Kolay,“Halkların kardeşliği” ifadesi bu bağlamda neyi anlatır?,Farklı halkların eşitlik ve barış içinde ortak yaşamını,Tek halk dışındakileri reddetmeyi,Sadece aile bağını,Sadece ticari sözleşmeyi,A,Farklı halkların eşitlik ve barış içinde ortak yaşamını,Kürt sol-demokratik siyasal kültüründe farklı halkların eşitliği ve ortak yaşamı sık vurgulanır.,"halkların kardeşliği, çoğulculuk, eşitlik",https://democraticmodernity.com/the-main-principles-of-democratic-confederalism/
ZK104,Toplum ve Kimlik,Orta,Kürt kadın hareketinin öne çıkardığı temel kavramlardan biri hangisidir?,Özgür eş yaşam,Mutlak ataerkil hiyerarşi,Kadınların siyasetten dışlanması,Eğitimin yasaklanması,A,Özgür eş yaşam,"Özgür eş yaşam, toplumsal ilişkileri eşitlik, özgürlük ve patriyarka eleştirisi temelinde yeniden düşünür.","özgür eş yaşam, kadın hareketi, eşitlik",https://democraticmodernity.com/the-main-principles-of-democratic-confederalism/
ZK105,Toplum ve Kimlik,Zor,Kürt kimliğinin farklı ülkelerde parçalı gelişmesinin önemli sonucu nedir?,"Dil, siyaset ve kültür politikalarının ülkeye göre farklılaşması",Tüm Kürtlerin aynı resmi statüye sahip olması,Hiç diaspora oluşmaması,Lehçelerin tamamen yok olması,A,"Dil, siyaset ve kültür politikalarının ülkeye göre farklılaşması","Kürtlerin Türkiye, Irak, İran ve Suriye gibi farklı devletlerde yaşaması haklar, dil politikası ve siyasal statü deneyimlerini farklılaştırmıştır.","parçalılık, statü, devletler",https://www.britannica.com/place/Kurdistan
ZK106,Toplum ve Kimlik,Orta,Kürt kültüründe anadil eğitimi talebi hangi hakla doğrudan ilişkilidir?,Dil ve kültürel haklar,Sadece trafik kuralları,Sadece ithalat vergisi,Sadece spor lisansı,A,Dil ve kültürel haklar,"Anadil eğitimi, kültürel haklar ve dilin kuşaklar arası aktarımıyla ilişkilidir.","anadil, eğitim, haklar",https://www.britannica.com/topic/Kurdish-language
ZK107,Toplum ve Kimlik,Kolay,Kürtçe yer adlarını öğrenmek bir uygulamada neyi güçlendirir?,Kültürel aidiyet ve coğrafi hafızayı,Kullanıcıyı tamamen yanıltmayı,Dil görünürlüğünü azaltmayı,Soruları anlamsızlaştırmayı,A,Kültürel aidiyet ve coğrafi hafızayı,"Yer adları, coğrafyayı yalnızca harita değil, hafıza ve kimlik alanı olarak da öğretir.","yer adları, hafıza, uygulama",https://www.britannica.com/place/Kurdistan
ZK108,Toplum ve Kimlik,Orta,Kürt toplumunda sözlü tarih çalışmaları neden değerlidir?,Resmi arşivlerde görünmeyen deneyimleri ve hafızayı kaydedebildiği için,Geçmişi tamamen yok ettiği için,Dil öğrenmeyi engellediği için,Sadece rakam ezberlettiği için,A,Resmi arşivlerde görünmeyen deneyimleri ve hafızayı kaydedebildiği için,"Sözlü tarih, göç, yas, gündelik yaşam ve direniş gibi deneyimleri kişisel anlatılarla görünür kılar.","sözlü tarih, hafıza, arşiv",https://www.balcanicaucaso.org/en/cp_article/the-kurdish-storytellers/
ZK109,Uygulama ve Eğitim,Kolay,ZanKurd gibi bir öğrenme uygulamasında soru bankasının en faydalı biçimi hangisidir?,"Kategori, seçenek, doğru cevap ve açıklama içeren yapı",Sadece boş satırlar,Sadece görsel dosya adları,Hiç cevap içermeyen metin,A,"Kategori, seçenek, doğru cevap ve açıklama içeren yapı","Uygulama için kategori, seçenekler, cevap ve açıklama alanları veri tabanı veya CSV aktarımını kolaylaştırır.","uygulama, CSV, soru bankası",https://arxiv.org/abs/1909.11467
ZK110,Uygulama ve Eğitim,Kolay,Bir soruda açıklama alanı neden önemlidir?,"Kullanıcının sadece ezber değil, bağlam öğrenmesini sağladığı için",Doğru cevabı saklamak için,Soru kalitesini düşürmek için,CSV’yi bozmak için,A,"Kullanıcının sadece ezber değil, bağlam öğrenmesini sağladığı için","Açıklama, cevabın neden doğru olduğunu kısa ve öğretici şekilde gösterir.","pedagoji, açıklama, öğrenme",https://arxiv.org/abs/1909.11467
ZK111,Uygulama ve Eğitim,Orta,Kürtçe kelime soruları uygulamada hangi öğrenme hedefini destekler?,Temel sözvarlığı ve kültürel kavramları tanıma,Tüm tarih bilgisini silme,Kullanıcıyı sadece İngilizceye yöneltme,Soru çözmeyi engelleme,A,Temel sözvarlığı ve kültürel kavramları tanıma,"Kelime soruları, dil öğrenimi ile kültürel bağlamı birlikte pekiştirir.","sözvarlığı, dil öğrenimi, Kürtçe",https://www.britannica.com/topic/Kurdish-language
ZK112,Uygulama ve Eğitim,Orta,Politik sorularda güvenli ve kaliteli eğitim için en doğru yöntem nedir?,"Kavram, tarih, kurum ve haklar üzerinden nesnel bağlam vermek",Şiddet talimatı vermek,Yanlış bilgi üretmek,Tek seçenekli propaganda yazmak,A,"Kavram, tarih, kurum ve haklar üzerinden nesnel bağlam vermek","Politik içerik, eğitim uygulamasında tarihsel bağlam ve kavramsal açıklama ile verilmelidir; operasyonel şiddet içeriği kullanılmamalıdır.","politik eğitim, güvenlik, nesnellik",https://www.reuters.com/world/middle-east/kurdish-pkk-dissolves-after-decades-struggle-with-turkey-news-agency-close-2025-05-12/
ZK113,Uygulama ve Eğitim,Orta,Kaynak sütunu CSV’de ne işe yarar?,Bilginin doğrulanabilirliğini artırır,Cevabı otomatik yanlış yapar,Dil öğrenimini yasaklar,Dosyayı PDF’ye çevirmez,A,Bilginin doğrulanabilirliğini artırır,"Kaynak URL’si, ileride editörün bilgiyi kontrol etmesini ve gerektiğinde güncellemesini sağlar.","kaynak, doğrulama, CSV",https://www.britannica.com/topic/Kurd
ZK114,Uygulama ve Eğitim,Kolay,“Zorluk” alanı neyi sağlar?,Kullanıcı seviyesine göre soru seçmeyi,Tüm soruları silmeyi,Cevapları karartmayı,Dosyayı okunamaz yapmayı,A,Kullanıcı seviyesine göre soru seçmeyi,"Kolay, orta ve zor gibi seviyeler, uygulamanın öğrenme akışını kademeli kurmasına yardım eder.","zorluk, seviye, öğrenme tasarımı",https://arxiv.org/abs/1909.11467
ZK115,Uygulama ve Eğitim,Orta,Kürtçe NLP çalışmalarının artması ZanKurd gibi uygulamalara nasıl katkı sağlar?,"Otomatik düzeltme, arama, ses tanıma ve içerik önerisi geliştirme imkânı verir",Dil görünürlüğünü azaltır,Tüm içerikleri siler,Sadece yemek pişirir,A,"Otomatik düzeltme, arama, ses tanıma ve içerik önerisi geliştirme imkânı verir","Korpus ve konuşma verisi gibi kaynaklar, arama, öneri, ses tanıma ve eğitim teknolojileri için temel oluşturur.","NLP, dil teknolojisi, uygulama",https://arxiv.org/abs/2102.07412
ZK116,Uygulama ve Eğitim,Orta,Uygulamada kültürel görseller kullanılırken en doğru yaklaşım hangisidir?,"Kaynak, telif ve temsil doğruluğuna dikkat etmek",Her görseli izinsiz almak,Alakasız görsel kullanmak,Tüm kültürü tek klişeye indirgemek,A,"Kaynak, telif ve temsil doğruluğuna dikkat etmek","Kültürel materyallerde telif, temsil ve bağlam doğruluğu kullanıcı güvenini artırır.","görsel, telif, temsil",https://whc.unesco.org/en/list/1437/
ZK117,Uygulama ve Eğitim,Zor,Bir soru bankasında “etiketler” alanı hangi teknik işe yarar?,"Arama, filtreleme ve kişiselleştirilmiş tekrar sistemi kurmaya",Doğru cevabı yok etmeye,Kaynakları saklamaya,PDF sayfalarını karıştırmaya,A,"Arama, filtreleme ve kişiselleştirilmiş tekrar sistemi kurmaya","Etiketler, uygulamada kategori içi filtreleme ve zayıf konu tekrarları için kullanılabilir.","etiket, filtreleme, spaced repetition",https://arxiv.org/abs/1909.11467
ZK118,Uygulama ve Eğitim,Kolay,Kullanıcı yanlış cevap verdiğinde en öğretici geri bildirim hangisidir?,Kısa açıklama ve doğru cevabın nedeni,Sadece “yanlış” demek,Uygulamayı kapatmak,Kullanıcıyı cezalandırmak,A,Kısa açıklama ve doğru cevabın nedeni,"Etkili geri bildirim, yanlış cevabı düzeltir ve kavramı öğretir.","geri bildirim, öğrenme, açıklama",https://arxiv.org/abs/1909.11467
ZK119,Uygulama ve Eğitim,Orta,Soru bankasında güncel siyaset soruları neden düzenli güncellenmelidir?,"Parti adları, süreçler, hukuki statüler ve barış görüşmeleri zamanla değişebildiği için",Tarih hiç değişmediği için,CSV buna izin vermediği için,Soruların hiç kaynağı olmadığı için,A,"Parti adları, süreçler, hukuki statüler ve barış görüşmeleri zamanla değişebildiği için",2025-2026 barış ve silahsızlanma tartışmaları gibi konular güncel gelişmelere bağlıdır; düzenli kaynak kontrolü gerekir.,"güncellik, siyaset, kaynak kontrolü",https://www.reuters.com/business/media-telecom/jailed-kurdish-militant-boss-says-peace-laws-needed-democratic-integration-2026-02-27/
ZK120,Uygulama ve Eğitim,Zor,ZanKurd için en dengeli politik içerik stratejisi hangisidir?,"Kürt özgürlük paradigmasını kavramsal olarak öğretirken çoğulculuk, barış ve demokratik çözüm dilini korumak",Sadece tek slogan ezberletmek,Şiddet yöntemi anlatmak,Tüm tarihsel bağlamı silmek,A,"Kürt özgürlük paradigmasını kavramsal olarak öğretirken çoğulculuk, barış ve demokratik çözüm dilini korumak","Uygulama, kullanıcının politik ilgisini karşılayabilir; ancak eğitim dili barışçıl, kavramsal, eleştirel ve doğrulanabilir olmalıdır.","içerik stratejisi, demokratik çözüm, paradigma",https://link.springer.com/chapter/10.1007/978-3-031-83746-3_1
