candidate_id,source,license,source_category,difficulty,prompt_en,option_a_en,option_b_en,option_c_en,option_d_en,correct_option,translation_status,editorial_status
opentdb_0001,Open Trivia Database API,CC BY-SA 4.0,General Knowledge,medium,Where did the pineapple plant originate?,South America,Hawaii,Europe,Asia,A,NOT_TRANSLATED,SOURCE_CANDIDATE_ONLY
opentdb_0002,Open Trivia Database API,CC BY-SA 4.0,General Knowledge,medium,What was the destination of the missing flight MH370?,Beijing,Kuala Lumpur,Singapore,Tokyo,A,NOT_TRANSLATED,SOURCE_CANDIDATE_ONLY
opentdb_0003,Open Trivia Database API,CC BY-SA 4.0,General Knowledge,medium,What do the Dutch call their language?,Nederlands,Dansk,Deutsch,Hollander,A,NOT_TRANSLATED,SOURCE_CANDIDATE_ONLY
opentdb_0004,Open Trivia Database API,CC BY-SA 4.0,General Knowledge,easy,The Quran is the holy book of which Abrahamic religion?,Islam,Christianity,Judaism,Rastafarianism,A,NOT_TRANSLATED,SOURCE_CANDIDATE_ONLY
opentdb_0005,Open Trivia Database API,CC BY-SA 4.0,General Knowledge,easy,"In ""Shrek"", what comedic actor voices Donkey?",Eddie Murphy,Chris Rock,Richard Pryor,Bernie Mac,A,NOT_TRANSLATED,SOURCE_CANDIDATE_ONLY
opentdb_0006,Open Trivia Database API,CC BY-SA 4.0,General Knowledge,medium,Which logical fallacy means to attack the character of your opponent rather than their arguments?,Ad hominem,Post hoc ergo propter hoc,Tu quoque,Argumentum ad populum,A,NOT_TRANSLATED,SOURCE_CANDIDATE_ONLY
opentdb_0007,Open Trivia Database API,CC BY-SA 4.0,General Knowledge,easy,"What type of animal was Harambe, who was shot after a child fell into it's enclosure at the Cincinnati Zoo?",Gorilla,Tiger,Panda,Crocodile,A,NOT_TRANSLATED,SOURCE_CANDIDATE_ONLY
opentdb_0008,Open Trivia Database API,CC BY-SA 4.0,General Knowledge,medium,What was the name given to Japanese military dictators who ruled the country through the 12th and 19th Century?,Shogun,Ninja,Samurai,Shinobi,A,NOT_TRANSLATED,SOURCE_CANDIDATE_ONLY
opentdb_0009,Open Trivia Database API,CC BY-SA 4.0,General Knowledge,hard,"De Eemhof, Port Zelande and Het Heijderbos are holiday villas owned by what company?",Center Parcs,Yelloh Village,Keycamp,Villa Plus,A,NOT_TRANSLATED,SOURCE_CANDIDATE_ONLY
opentdb_0010,Open Trivia Database API,CC BY-SA 4.0,General Knowledge,medium,The architect known as Le Corbusier was an important figure in what style of architecture?,Modernism,Neoclassical,Baroque,Gothic Revival,A,NOT_TRANSLATED,SOURCE_CANDIDATE_ONLY
opentdb_0011,Open Trivia Database API,CC BY-SA 4.0,General Knowledge,medium,Which country has the most Trappist breweries?,Belgium,Netherlands,France,USA,A,NOT_TRANSLATED,SOURCE_CANDIDATE_ONLY
opentdb_0012,Open Trivia Database API,CC BY-SA 4.0,General Knowledge,easy,What geometric shape is generally used for stop signs?,Octagon,Hexagon,Circle,Triangle,A,NOT_TRANSLATED,SOURCE_CANDIDATE_ONLY
opentdb_0013,Open Trivia Database API,CC BY-SA 4.0,General Knowledge,easy,The Flag of the European Union has how many stars on it?,12,10,14,16,A,NOT_TRANSLATED,SOURCE_CANDIDATE_ONLY
opentdb_0014,Open Trivia Database API,CC BY-SA 4.0,General Knowledge,easy,"What is the Spanish word for ""donkey""?",Burro,Caballo,Toro,Perro,A,NOT_TRANSLATED,SOURCE_CANDIDATE_ONLY
opentdb_0015,Open Trivia Database API,CC BY-SA 4.0,General Knowledge,easy,How many furlongs are there in a mile?,Eight,Two,Four,Six,A,NOT_TRANSLATED,SOURCE_CANDIDATE_ONLY
opentdb_0016,Open Trivia Database API,CC BY-SA 4.0,General Knowledge,medium,"According to the BBPA, what is the most common pub name in the UK?",Red Lion,Royal Oak,White Hart,King's Head,A,NOT_TRANSLATED,SOURCE_CANDIDATE_ONLY
opentdb_0017,Open Trivia Database API,CC BY-SA 4.0,General Knowledge,hard,Electronic music producer Kygo's popularity skyrocketed after a certain remix. Which song did he remix?,Ed Sheeran - I See Fire,Marvin Gaye - Sexual Healing,Coldplay - Midnight,a-ha - Take On Me,A,NOT_TRANSLATED,SOURCE_CANDIDATE_ONLY
opentdb_0018,Open Trivia Database API,CC BY-SA 4.0,General Knowledge,hard,"Located in Chile, El Teniente is the world's largest underground mine for what metal?",Copper,Iron,Nickel,Silver,A,NOT_TRANSLATED,SOURCE_CANDIDATE_ONLY
opentdb_0019,Open Trivia Database API,CC BY-SA 4.0,General Knowledge,medium,Only 9% of US Households owned a television in ,1950,1965,1913,1969,A,NOT_TRANSLATED,SOURCE_CANDIDATE_ONLY
opentdb_0020,Open Trivia Database API,CC BY-SA 4.0,General Knowledge,medium,Who invented Pastafarianism?,Bobby Henderson,Eric Tignor,Bill Nye,Zach Soldi,A,NOT_TRANSLATED,SOURCE_CANDIDATE_ONLY
opentdb_0021,Open Trivia Database API,CC BY-SA 4.0,General Knowledge,easy,What is the first book of the Old Testament?,Genesis,Exodus,Leviticus,Numbers,A,NOT_TRANSLATED,SOURCE_CANDIDATE_ONLY
opentdb_0022,Open Trivia Database API,CC BY-SA 4.0,General Knowledge,medium,Which of the following correctly describes Japanese word order?,Subject Object Verb,Subject Verb Object,Verb Subject Object,Verb Object Subject,A,NOT_TRANSLATED,SOURCE_CANDIDATE_ONLY
opentdb_0023,Open Trivia Database API,CC BY-SA 4.0,General Knowledge,medium,"In the Morse code, which letter is indicated by 3 dots? ",S,O,A,C,A,NOT_TRANSLATED,SOURCE_CANDIDATE_ONLY
opentdb_0024,Open Trivia Database API,CC BY-SA 4.0,General Knowledge,hard,"What is the romanized Chinese word for ""airplane""?",Feiji,Qiche,Zongxian,Huojian,A,NOT_TRANSLATED,SOURCE_CANDIDATE_ONLY
opentdb_0025,Open Trivia Database API,CC BY-SA 4.0,General Knowledge,hard,The Panama Canal was officially opened by which US president?,Woodrow Wilson,Calvin Coolidge,Herbert Hoover,Theodore Roosevelt,A,NOT_TRANSLATED,SOURCE_CANDIDATE_ONLY
opentdb_0026,Open Trivia Database API,CC BY-SA 4.0,General Knowledge,medium,Which of the following buildings is example of a structure primarily built in the Art Deco architectural style?,Niagara Mohawk Building,Taipei 101,One Detroit Center,Westendstrasse 1,A,NOT_TRANSLATED,SOURCE_CANDIDATE_ONLY
opentdb_0027,Open Trivia Database API,CC BY-SA 4.0,General Knowledge,medium,"If a person's hair is described as 'Titian', what colour is it?",Red,Blonde,Brunette,Black,A,NOT_TRANSLATED,SOURCE_CANDIDATE_ONLY
opentdb_0028,Open Trivia Database API,CC BY-SA 4.0,General Knowledge,medium,What is the most-visited website out of these options?,Google,YouTube,Facebook,Wikipedia,A,NOT_TRANSLATED,SOURCE_CANDIDATE_ONLY
opentdb_0029,Open Trivia Database API,CC BY-SA 4.0,General Knowledge,medium,A statue of Charles Darwin sits in what London museum?,Natural History Museum,Tate,British Museum,Science Museum,A,NOT_TRANSLATED,SOURCE_CANDIDATE_ONLY
opentdb_0030,Open Trivia Database API,CC BY-SA 4.0,General Knowledge,easy,"The American company ""Campbell's"" is most well known for making what food product?",Canned soups,Chocolate,Soft drinks,Sausages,A,NOT_TRANSLATED,SOURCE_CANDIDATE_ONLY
opentdb_0031,Open Trivia Database API,CC BY-SA 4.0,General Knowledge,easy,How tall is the Burj Khalifa?,"2,722 ft","2,717 ft","2,546 ft","3,024 ft",A,NOT_TRANSLATED,SOURCE_CANDIDATE_ONLY
opentdb_0032,Open Trivia Database API,CC BY-SA 4.0,General Knowledge,medium,"The Fields Medal, one of the most sought after awards in mathematics, is awarded every how many years?",4,3,5,6,A,NOT_TRANSLATED,SOURCE_CANDIDATE_ONLY
opentdb_0033,Open Trivia Database API,CC BY-SA 4.0,General Knowledge,easy,Antibiotics are generally taken to combat what?,Bacterial infections,Viruses,Migraines,Muscular pains,A,NOT_TRANSLATED,SOURCE_CANDIDATE_ONLY
opentdb_0034,Open Trivia Database API,CC BY-SA 4.0,General Knowledge,medium,Computer manufacturer Compaq was acquired for $25 billion dollars in 2002 by which company?,Hewlett-Packard,Toshiba,Asus,Dell,A,NOT_TRANSLATED,SOURCE_CANDIDATE_ONLY
opentdb_0035,Open Trivia Database API,CC BY-SA 4.0,General Knowledge,easy,What element has the chemical symbol Kr?,Krypton,Kerosine,Kineticium,Curium,A,NOT_TRANSLATED,SOURCE_CANDIDATE_ONLY
opentdb_0036,Open Trivia Database API,CC BY-SA 4.0,General Knowledge,easy,What is the name of Poland in Polish?,Polska,Pupcia,Polszka,Póland,A,NOT_TRANSLATED,SOURCE_CANDIDATE_ONLY
opentdb_0037,Open Trivia Database API,CC BY-SA 4.0,General Knowledge,easy,What is the name of the extra pedal on a manual or standard transmission car?,Clutch,Shifter,Booster,Parking Brake,A,NOT_TRANSLATED,SOURCE_CANDIDATE_ONLY
opentdb_0038,Open Trivia Database API,CC BY-SA 4.0,General Knowledge,medium,Scotch whisky and Drambuie make up which cocktail?,Rusty Nail,Screwdriver,Sex on the Beach,Manhattan,A,NOT_TRANSLATED,SOURCE_CANDIDATE_ONLY
opentdb_0039,Open Trivia Database API,CC BY-SA 4.0,General Knowledge,hard,The Quadrangularis Reversum is best described as which of the following?,A percussion instrument,A building in Oxford University,A chess move,A geometric theorem,A,NOT_TRANSLATED,SOURCE_CANDIDATE_ONLY
opentdb_0040,Open Trivia Database API,CC BY-SA 4.0,General Knowledge,easy,In DC comics where does the Green Arrow (Oliver Queen) live?,Star City,Central City,Gotham City,Metropolis,A,NOT_TRANSLATED,SOURCE_CANDIDATE_ONLY
opentdb_0041,Open Trivia Database API,CC BY-SA 4.0,General Knowledge,easy,"Of the following months, which has the most amount of days?",December,April,September,November ,A,NOT_TRANSLATED,SOURCE_CANDIDATE_ONLY
opentdb_0042,Open Trivia Database API,CC BY-SA 4.0,General Knowledge,easy,How many letters are there in the English alphabet?,26,28,23,24,A,NOT_TRANSLATED,SOURCE_CANDIDATE_ONLY
opentdb_0043,Open Trivia Database API,CC BY-SA 4.0,General Knowledge,easy,Which sign of the zodiac comes between Virgo and Scorpio?,Libra,Gemini,Taurus,Capricorn,A,NOT_TRANSLATED,SOURCE_CANDIDATE_ONLY
opentdb_0044,Open Trivia Database API,CC BY-SA 4.0,General Knowledge,medium,"Which famed architect, who died in 2019 aged 102, designed the glass pyramid at the Louvre museum in Paris?",I. M. Pei,Pascale Guédot,Frank Gehry,Wang Shu,A,NOT_TRANSLATED,SOURCE_CANDIDATE_ONLY
opentdb_0045,Open Trivia Database API,CC BY-SA 4.0,General Knowledge,hard,What is the most commonly used noun in the English language?,Time,Home,Water,Man,A,NOT_TRANSLATED,SOURCE_CANDIDATE_ONLY
opentdb_0046,Open Trivia Database API,CC BY-SA 4.0,General Knowledge,medium,"The lesser-known continuation of the saying ""Curiosity killed the cat..."" is:","""...but satisfaction brought it back.""","""...and the silent mouse remained thereat.""","""...which taught it not to do that.""","""...but death by the truth is better than ignorance.""",A,NOT_TRANSLATED,SOURCE_CANDIDATE_ONLY
opentdb_0047,Open Trivia Database API,CC BY-SA 4.0,General Knowledge,easy,How many colors are there in a rainbow?,7,8,9,10,A,NOT_TRANSLATED,SOURCE_CANDIDATE_ONLY
opentdb_0048,Open Trivia Database API,CC BY-SA 4.0,General Knowledge,easy,What is the shortest month of the year?,February,December,April,September,A,NOT_TRANSLATED,SOURCE_CANDIDATE_ONLY
opentdb_0049,Open Trivia Database API,CC BY-SA 4.0,General Knowledge,medium,Whose greyscale face is on the kappa emoticon on Twitch?,Josh DeSeno,Justin DeSeno,John DeSeno,Jimmy DeSeno,A,NOT_TRANSLATED,SOURCE_CANDIDATE_ONLY
opentdb_0050,Open Trivia Database API,CC BY-SA 4.0,General Knowledge,easy,Which of the following is not an Ivy League University?,Stanford,University of Pennsylvania,Harvard,Princeton,A,NOT_TRANSLATED,SOURCE_CANDIDATE_ONLY
opentdb_0051,Open Trivia Database API,CC BY-SA 4.0,Science & Nature,hard,What nucleotide pairs with guanine?,Cytosine,Thymine,Adenine,Uracil,A,NOT_TRANSLATED,SOURCE_CANDIDATE_ONLY
opentdb_0052,Open Trivia Database API,CC BY-SA 4.0,Science & Nature,medium,How many degrees Fahrenheit is 100 degrees Celsius? ,212,326,100,451,A,NOT_TRANSLATED,SOURCE_CANDIDATE_ONLY
opentdb_0053,Open Trivia Database API,CC BY-SA 4.0,Science & Nature,easy,What is the standard atomic weight of a Plutonium nucleus?,244,94,481,128,A,NOT_TRANSLATED,SOURCE_CANDIDATE_ONLY
opentdb_0054,Open Trivia Database API,CC BY-SA 4.0,Science & Nature,easy,Which of the following bones is not in the leg?,Radius,Patella,Tibia,Fibula ,A,NOT_TRANSLATED,SOURCE_CANDIDATE_ONLY
opentdb_0055,Open Trivia Database API,CC BY-SA 4.0,Science & Nature,medium,Deionized water is water with which of the following removed?,Iron,Oxygen,Hydrogen,Uncharged atoms,A,NOT_TRANSLATED,SOURCE_CANDIDATE_ONLY
opentdb_0056,Open Trivia Database API,CC BY-SA 4.0,Science & Nature,medium,"The ""Tibia"" is found in which part of the body?",Leg,Arm,Hand,Head,A,NOT_TRANSLATED,SOURCE_CANDIDATE_ONLY
opentdb_0057,Open Trivia Database API,CC BY-SA 4.0,Science & Nature,medium,What is the atomic number of the element Strontium?,38,73,47,11,A,NOT_TRANSLATED,SOURCE_CANDIDATE_ONLY
opentdb_0058,Open Trivia Database API,CC BY-SA 4.0,Science & Nature,easy,What is the powerhouse of the cell?,Mitochondria,Ribosome,Redbull,Nucleus,A,NOT_TRANSLATED,SOURCE_CANDIDATE_ONLY
opentdb_0059,Open Trivia Database API,CC BY-SA 4.0,Science & Nature,easy,About what percentage of the Earth's surface is water? ,70%,30%,50%,90%,A,NOT_TRANSLATED,SOURCE_CANDIDATE_ONLY
opentdb_0060,Open Trivia Database API,CC BY-SA 4.0,Science & Nature,easy,What is an example of a bacterial pathogen?,Cholera,Measles ,AIDS,Ringworm,A,NOT_TRANSLATED,SOURCE_CANDIDATE_ONLY
opentdb_0061,Open Trivia Database API,CC BY-SA 4.0,Science & Nature,hard,"""The Big Bang Theory"" was first theorized by a priest of what religious ideology?",Catholic,Christian,Jewish,Islamic,A,NOT_TRANSLATED,SOURCE_CANDIDATE_ONLY
opentdb_0062,Open Trivia Database API,CC BY-SA 4.0,Science & Nature,easy,Alzheimer's disease primarily affects which part of the human body?,Brain,Lungs,Skin,Heart,A,NOT_TRANSLATED,SOURCE_CANDIDATE_ONLY
opentdb_0063,Open Trivia Database API,CC BY-SA 4.0,Science & Nature,hard,"What common name is given to the medial condition, tibial stress syndrome (MTSS)?",Shin Splints,Tennis Elbow,Carpal Tunnel,Housemaid's Knee,A,NOT_TRANSLATED,SOURCE_CANDIDATE_ONLY
opentdb_0064,Open Trivia Database API,CC BY-SA 4.0,Science & Nature,hard,What genetic disease is caused by having an extra Y chromosome (XYY)?,Jacob's Syndrome,Klinefelter's Syndrome,Turner's Syndrome,Down Syndrome,A,NOT_TRANSLATED,SOURCE_CANDIDATE_ONLY
opentdb_0065,Open Trivia Database API,CC BY-SA 4.0,Science & Nature,medium,Which chemical element was originally known as Alabamine?,Astatine,Selenium,Antimony,Molybdenum,A,NOT_TRANSLATED,SOURCE_CANDIDATE_ONLY
opentdb_0066,Open Trivia Database API,CC BY-SA 4.0,Science & Nature,easy,Which type of rock is created by intense heat AND pressure?,Metamorphic,Sedimentary,Igneous,Diamond,A,NOT_TRANSLATED,SOURCE_CANDIDATE_ONLY
opentdb_0067,Open Trivia Database API,CC BY-SA 4.0,Science & Nature,medium,The medical condition osteoporosis affects which part of the body?,Bones,Skin,Brain,Heart,A,NOT_TRANSLATED,SOURCE_CANDIDATE_ONLY
opentdb_0068,Open Trivia Database API,CC BY-SA 4.0,Science & Nature,hard,Which major extinction event was caused by an asteroid collision and eliminated the majority of non-avian dinosaurs?,Cretaceous-Paleogene,Triassic–Jurassic,Permian–Triassic,Ordovician–Silurian,A,NOT_TRANSLATED,SOURCE_CANDIDATE_ONLY
opentdb_0069,Open Trivia Database API,CC BY-SA 4.0,Science & Nature,easy,71% of the Earth's surface is made up of,Water,Deserts,Continents,Forests,A,NOT_TRANSLATED,SOURCE_CANDIDATE_ONLY
opentdb_0070,Open Trivia Database API,CC BY-SA 4.0,Science & Nature,easy,What is the elemental symbol for mercury?,Hg,Me,Mc,Hy,A,NOT_TRANSLATED,SOURCE_CANDIDATE_ONLY
opentdb_0071,Open Trivia Database API,CC BY-SA 4.0,Science & Nature,easy,How many laws of thermodynamics are there?,Four,Three,Two,Five,A,NOT_TRANSLATED,SOURCE_CANDIDATE_ONLY
opentdb_0072,Open Trivia Database API,CC BY-SA 4.0,Science & Nature,hard,Which is the chemical name of H2O?,Dihydrogen Monoxide,Ammonium chloride,Anhydrous Sodium Carbonate,Manganese dioxide,A,NOT_TRANSLATED,SOURCE_CANDIDATE_ONLY
opentdb_0073,Open Trivia Database API,CC BY-SA 4.0,Science & Nature,medium,Which of these stars is the largest?,UY Scuti,VY Canis Majoris,Betelgeuse,RW Cephei,A,NOT_TRANSLATED,SOURCE_CANDIDATE_ONLY
opentdb_0074,Open Trivia Database API,CC BY-SA 4.0,Science & Nature,easy,What name is given to all baby marsupials?,Joey,Calf,Pup,Cub,A,NOT_TRANSLATED,SOURCE_CANDIDATE_ONLY
opentdb_0075,Open Trivia Database API,CC BY-SA 4.0,Science & Nature,hard,"Botanically speaking, which of these fruits is NOT a berry?",Strawberry,Blueberry,Banana,Concord Grape,A,NOT_TRANSLATED,SOURCE_CANDIDATE_ONLY
opentdb_0076,Open Trivia Database API,CC BY-SA 4.0,Science & Nature,medium,What part of the brain takes its name from the Greek for seahorse?,Hippocampus,Cerebellum,Thalamus,Amygdala,A,NOT_TRANSLATED,SOURCE_CANDIDATE_ONLY
opentdb_0077,Open Trivia Database API,CC BY-SA 4.0,Science & Nature,easy,What animal takes part in Schrödinger's most famous thought experiment?,Cat,Dog,Bat,Butterfly,A,NOT_TRANSLATED,SOURCE_CANDIDATE_ONLY
opentdb_0078,Open Trivia Database API,CC BY-SA 4.0,Science & Nature,medium,Gannymede is the largest moon of which planet?,Jupiter,Uranus,Neptune,Mars,A,NOT_TRANSLATED,SOURCE_CANDIDATE_ONLY
opentdb_0079,Open Trivia Database API,CC BY-SA 4.0,Science & Nature,easy,What is the hottest planet in the solar system,Venus,Jupiter,Mercury ,Mars,A,NOT_TRANSLATED,SOURCE_CANDIDATE_ONLY
opentdb_0080,Open Trivia Database API,CC BY-SA 4.0,Science & Nature,medium,"Where did the dog breed ""Chihuahua"" originate?",Mexico,France,Spain,Russia,A,NOT_TRANSLATED,SOURCE_CANDIDATE_ONLY
opentdb_0081,Open Trivia Database API,CC BY-SA 4.0,Science & Nature,hard,What is the most potent toxin known?,Botulinum toxin,Ricin,Cyanide,Asbestos,A,NOT_TRANSLATED,SOURCE_CANDIDATE_ONLY
opentdb_0082,Open Trivia Database API,CC BY-SA 4.0,Science & Nature,hard,What was the first organic compound to be synthesized from inorganic compounds?,Urea,Propane,Ethanol,Formaldehyde,A,NOT_TRANSLATED,SOURCE_CANDIDATE_ONLY
opentdb_0083,Open Trivia Database API,CC BY-SA 4.0,Science & Nature,medium,Which of the following is NOT a passive electrical component?,Transistor,Resistor,Capacitor,Inductor,A,NOT_TRANSLATED,SOURCE_CANDIDATE_ONLY
opentdb_0084,Open Trivia Database API,CC BY-SA 4.0,Science & Nature,medium,What are the smallest blood vessels in the human body?,Capillaries,Arterioles,Veinules,Lymphatics,A,NOT_TRANSLATED,SOURCE_CANDIDATE_ONLY
opentdb_0085,Open Trivia Database API,CC BY-SA 4.0,Science & Nature,medium,What is the molecular formula of the active component of chili peppers(Capsaicin)?,C18H27NO3,C21H23NO3,C6H4Cl2,C13H25NO4,A,NOT_TRANSLATED,SOURCE_CANDIDATE_ONLY
opentdb_0086,Open Trivia Database API,CC BY-SA 4.0,Science & Nature,medium,"In aeronautics, flaps and slats are used to control what on an aircraft?",Lift,Thrust,Drag,Weight ,A,NOT_TRANSLATED,SOURCE_CANDIDATE_ONLY
opentdb_0087,Open Trivia Database API,CC BY-SA 4.0,Science & Nature,easy,Stars consist mainly of hydrogen and which other gas?,Helium,Oxygen,Argon,Nitrogen,A,NOT_TRANSLATED,SOURCE_CANDIDATE_ONLY
opentdb_0088,Open Trivia Database API,CC BY-SA 4.0,Science & Nature,medium,What term is best associated with Sigmund Freud?,Psychoanalysis,Cognitive-Behavioral Therapy,Theory of Gravity,Dialectical Behavior Therapy,A,NOT_TRANSLATED,SOURCE_CANDIDATE_ONLY
opentdb_0089,Open Trivia Database API,CC BY-SA 4.0,Science & Nature,hard,Which of these is used to show that Earth spins on an axis? ,Foucault Pendulum ,Polaris,Sundial,Tectonic Plates ,A,NOT_TRANSLATED,SOURCE_CANDIDATE_ONLY
opentdb_0090,Open Trivia Database API,CC BY-SA 4.0,Science & Nature,easy,"This element, when overcome with extreme heat and pressure, creates diamonds.",Carbon,Nitrogen,Oxygen,Hydrogen,A,NOT_TRANSLATED,SOURCE_CANDIDATE_ONLY
opentdb_0091,Open Trivia Database API,CC BY-SA 4.0,Science & Nature,hard,What is the same in Celsius and Fahrenheit?,-40,32,-39,-42,A,NOT_TRANSLATED,SOURCE_CANDIDATE_ONLY
opentdb_0092,Open Trivia Database API,CC BY-SA 4.0,Science & Nature,medium,What is the lowest layer of the Earth's atmosphere named?,Troposphere,Stratosphere,Mesosphere,Thermosphere,A,NOT_TRANSLATED,SOURCE_CANDIDATE_ONLY
opentdb_0093,Open Trivia Database API,CC BY-SA 4.0,Science & Nature,medium,"What polymer is used to make CDs, safety goggles and riot shields?",Polycarbonate,Rubber,Nylon,Bakelite,A,NOT_TRANSLATED,SOURCE_CANDIDATE_ONLY
opentdb_0094,Open Trivia Database API,CC BY-SA 4.0,Science & Nature,medium,What is the atomic number of Uranium ,92,235,17,167,A,NOT_TRANSLATED,SOURCE_CANDIDATE_ONLY
opentdb_0095,Open Trivia Database API,CC BY-SA 4.0,Science & Nature,medium,What is the name of the cognitive bias wherein a person with low ability in a particular skill mistake themselves as being superior?,Dunning-Kruger effect,Meyers-Briggs effect,Müller-Lyer effect,Freud-Hall effect,A,NOT_TRANSLATED,SOURCE_CANDIDATE_ONLY
opentdb_0096,Open Trivia Database API,CC BY-SA 4.0,Science & Nature,medium,"Which desert is the only desert in the world where the ""Saguaro"" cactus grows indigenously?",The Sonoran Desert,The Gobi Desert,The Yuma Desert,The Arabian Desert,A,NOT_TRANSLATED,SOURCE_CANDIDATE_ONLY
opentdb_0097,Open Trivia Database API,CC BY-SA 4.0,Science & Nature,easy,What is the official name of the star located closest to the North Celestial Pole?,Polaris,Eridanus,Gamma Cephei,Iota Cephei,A,NOT_TRANSLATED,SOURCE_CANDIDATE_ONLY
opentdb_0098,Open Trivia Database API,CC BY-SA 4.0,Science & Nature,easy,The human heart has how many chambers?,4,2,6,3,A,NOT_TRANSLATED,SOURCE_CANDIDATE_ONLY
opentdb_0099,Open Trivia Database API,CC BY-SA 4.0,Science & Nature,hard,Where in the human body is the Pineal Gland located?,Brain,Groin,Chest,Throat,A,NOT_TRANSLATED,SOURCE_CANDIDATE_ONLY
opentdb_0100,Open Trivia Database API,CC BY-SA 4.0,Science & Nature,easy,Which element has the chemical symbol 'Fe'?,Iron,Gold,Silver,Tin,A,NOT_TRANSLATED,SOURCE_CANDIDATE_ONLY
opentdb_0101,Open Trivia Database API,CC BY-SA 4.0,Geography,medium,Which of these countries is not a United Nations member state?,Niue,Tuvalu,South Sudan,Montenegro,A,NOT_TRANSLATED,SOURCE_CANDIDATE_ONLY
opentdb_0102,Open Trivia Database API,CC BY-SA 4.0,Geography,medium,How many time zones are in Russia?,11,8,5,2,A,NOT_TRANSLATED,SOURCE_CANDIDATE_ONLY
opentdb_0103,Open Trivia Database API,CC BY-SA 4.0,Geography,medium,How many provinces are in the Netherlands?,12,14,10,13,A,NOT_TRANSLATED,SOURCE_CANDIDATE_ONLY
opentdb_0104,Open Trivia Database API,CC BY-SA 4.0,Geography,easy,What is the capital of Scotland?,Edinburgh,Glasgow,Dundee,London,A,NOT_TRANSLATED,SOURCE_CANDIDATE_ONLY
opentdb_0105,Open Trivia Database API,CC BY-SA 4.0,Geography,easy,What is the name of the peninsula containing Spain and Portugal?,Iberian Peninsula,European Peninsula,Peloponnesian Peninsula,Scandinavian Peninsula,A,NOT_TRANSLATED,SOURCE_CANDIDATE_ONLY
opentdb_0106,Open Trivia Database API,CC BY-SA 4.0,Geography,hard,What was the original name of Ho Chi Minh City?,Saigon,Hanoi,Dar Es Salaam,Angkor Wat,A,NOT_TRANSLATED,SOURCE_CANDIDATE_ONLY
opentdb_0107,Open Trivia Database API,CC BY-SA 4.0,Geography,easy,Which nation claims ownership of Antarctica?,"No one, but there are claims.",United States of America,United Nations,Australia,A,NOT_TRANSLATED,SOURCE_CANDIDATE_ONLY
opentdb_0108,Open Trivia Database API,CC BY-SA 4.0,Geography,medium,How many rivers are in Saudi Arabia?,0,1,2,3,A,NOT_TRANSLATED,SOURCE_CANDIDATE_ONLY
opentdb_0109,Open Trivia Database API,CC BY-SA 4.0,Geography,easy,How many US states start with the letter K?,Two,One,None,Three,A,NOT_TRANSLATED,SOURCE_CANDIDATE_ONLY
opentdb_0110,Open Trivia Database API,CC BY-SA 4.0,Geography,easy,Which city is the biggest in Canada?,Toronto,Montreal,Vancouver,Ottawa,A,NOT_TRANSLATED,SOURCE_CANDIDATE_ONLY
opentdb_0111,Open Trivia Database API,CC BY-SA 4.0,Geography,medium,Which of the following is not a megadiverse country - one that harbors a high number of the earth's endemic species?,Thailand,Peru,Mexico,South Africa,A,NOT_TRANSLATED,SOURCE_CANDIDATE_ONLY
opentdb_0112,Open Trivia Database API,CC BY-SA 4.0,Geography,easy,What state is the largest state of the United States of America?,Alaska,California,Texas,Washington,A,NOT_TRANSLATED,SOURCE_CANDIDATE_ONLY
opentdb_0113,Open Trivia Database API,CC BY-SA 4.0,Geography,medium,Which of these Japanese islands is the largest by area?,Shikoku,Iki,Odaiba,Okinawa,A,NOT_TRANSLATED,SOURCE_CANDIDATE_ONLY
opentdb_0114,Open Trivia Database API,CC BY-SA 4.0,Geography,hard,What is the capital city of Bermuda?,Hamilton,Santo Dominigo,San Juan,Havana,A,NOT_TRANSLATED,SOURCE_CANDIDATE_ONLY
opentdb_0115,Open Trivia Database API,CC BY-SA 4.0,Geography,easy,What is the only state in the United States that does not have a flag in a shape with 4 edges?,Ohio,Florida,Idaho,New Mexico,A,NOT_TRANSLATED,SOURCE_CANDIDATE_ONLY
opentdb_0116,Open Trivia Database API,CC BY-SA 4.0,Geography,medium,What is the capital of Ecuador?,Quito,Bogota,Santiago,Santa Fé,A,NOT_TRANSLATED,SOURCE_CANDIDATE_ONLY
opentdb_0117,Open Trivia Database API,CC BY-SA 4.0,Geography,medium,In which English county is the city of Portsmouth?,Hampshire,Oxfordshire,Buckinghamshire,Surrey,A,NOT_TRANSLATED,SOURCE_CANDIDATE_ONLY
opentdb_0118,Open Trivia Database API,CC BY-SA 4.0,Geography,easy,What is the 15th letter of the Greek alphabet?,Omicron (Ο),Sigma (Σ),Pi (Π),Nu (Ν),A,NOT_TRANSLATED,SOURCE_CANDIDATE_ONLY
opentdb_0119,Open Trivia Database API,CC BY-SA 4.0,Geography,hard,The mountainous Khyber Pass connects which of the two following countries?,Afghanistan and Pakistan,India and Nepal,Pakistan and India,Tajikistan and Kyrgyzstan,A,NOT_TRANSLATED,SOURCE_CANDIDATE_ONLY
opentdb_0120,Open Trivia Database API,CC BY-SA 4.0,Geography,easy,Greenland is a part of which kingdom?,Denmark,Sweden,Norway,United Kingdom,A,NOT_TRANSLATED,SOURCE_CANDIDATE_ONLY
opentdb_0121,Open Trivia Database API,CC BY-SA 4.0,Geography,medium,All of the following are towns/villages in the Pacific Island nation of Kiribati EXCEPT:,Urutora,Rungata,London,Washington,A,NOT_TRANSLATED,SOURCE_CANDIDATE_ONLY
opentdb_0122,Open Trivia Database API,CC BY-SA 4.0,Geography,medium,Which is the smallest country in the world?,Vatican City,Lesotho,Monaco City,Titania,A,NOT_TRANSLATED,SOURCE_CANDIDATE_ONLY
opentdb_0123,Open Trivia Database API,CC BY-SA 4.0,Geography,medium,What continent is the country Lesotho in?,Africa,Asia,South America,Europe,A,NOT_TRANSLATED,SOURCE_CANDIDATE_ONLY
opentdb_0124,Open Trivia Database API,CC BY-SA 4.0,Geography,easy,"Vatican City, the smallest country in the world, is fully enclosed by which country?",Italy,France,Spain,Germany,A,NOT_TRANSLATED,SOURCE_CANDIDATE_ONLY
opentdb_0125,Open Trivia Database API,CC BY-SA 4.0,Geography,hard,How many countries border Kyrgyzstan?,4,3,1,6,A,NOT_TRANSLATED,SOURCE_CANDIDATE_ONLY
opentdb_0126,Open Trivia Database API,CC BY-SA 4.0,Geography,medium,Which is the largest city in Morocco?,Casablanca,Rabat,Fes,Sale,A,NOT_TRANSLATED,SOURCE_CANDIDATE_ONLY
opentdb_0127,Open Trivia Database API,CC BY-SA 4.0,Geography,medium,Which one of these archipelagos are NOT a part of the United Kingdom?,The Channel Islands ,Orkney Islands,Isles of Scilly,Shetland Islands ,A,NOT_TRANSLATED,SOURCE_CANDIDATE_ONLY
opentdb_0128,Open Trivia Database API,CC BY-SA 4.0,Geography,medium,Which of the following countries does NOT recognize Armenia as an independent country?,Pakistan,Iran,Turkey,Azerbaijan,A,NOT_TRANSLATED,SOURCE_CANDIDATE_ONLY
opentdb_0129,Open Trivia Database API,CC BY-SA 4.0,Geography,easy,Which country was NOT part of the Soviet Union?,Romania,Turkmenistan,Belarus,Tajikistan,A,NOT_TRANSLATED,SOURCE_CANDIDATE_ONLY
opentdb_0130,Open Trivia Database API,CC BY-SA 4.0,Geography,medium,Where are the Nazca Lines located?,Peru,Brazil,Colombia,Ecuador,A,NOT_TRANSLATED,SOURCE_CANDIDATE_ONLY
opentdb_0131,Open Trivia Database API,CC BY-SA 4.0,Geography,medium,Which of the following countries is an island?,Cyprus,Azerbaijan,El Salvador,Djibouti,A,NOT_TRANSLATED,SOURCE_CANDIDATE_ONLY
opentdb_0132,Open Trivia Database API,CC BY-SA 4.0,Geography,medium,In which country is located the municipality of Arteijo?,Spain,Morocco,France,Belgium,A,NOT_TRANSLATED,SOURCE_CANDIDATE_ONLY
opentdb_0133,Open Trivia Database API,CC BY-SA 4.0,Geography,easy,The Alps are a mountain range on which continent?,Europe,North America,Asia,Africa,A,NOT_TRANSLATED,SOURCE_CANDIDATE_ONLY
opentdb_0134,Open Trivia Database API,CC BY-SA 4.0,Geography,easy,The Space Needle is located in which city?,Seattle,Los Angles,Toronto,Vancouver,A,NOT_TRANSLATED,SOURCE_CANDIDATE_ONLY
opentdb_0135,Open Trivia Database API,CC BY-SA 4.0,Geography,medium,What is the largest non-continental island in the world?,Greenland,New Guinea,Borneo,Madagascar,A,NOT_TRANSLATED,SOURCE_CANDIDATE_ONLY
opentdb_0136,Open Trivia Database API,CC BY-SA 4.0,Geography,medium,The land mass of modern day Turkey is called what?,Anatolia,Ismuth of Ottoma,Ottoma,Ismuth of Anatolia,A,NOT_TRANSLATED,SOURCE_CANDIDATE_ONLY
opentdb_0137,Open Trivia Database API,CC BY-SA 4.0,Geography,medium,Where is the Volga River?,Russia,Bulgaria,India,Sweden,A,NOT_TRANSLATED,SOURCE_CANDIDATE_ONLY
opentdb_0138,Open Trivia Database API,CC BY-SA 4.0,Geography,hard,What is the most populous Muslim-majority nation in 2010?,Indonesia,Saudi Arabia,Iran,Sudan,A,NOT_TRANSLATED,SOURCE_CANDIDATE_ONLY
opentdb_0139,Open Trivia Database API,CC BY-SA 4.0,Geography,medium,Lake Titicaca is located between which two nations?,Peru and Bolivia,Kenya and Uganda,Mexico and the United States,India and Bangladesh,A,NOT_TRANSLATED,SOURCE_CANDIDATE_ONLY
opentdb_0140,Open Trivia Database API,CC BY-SA 4.0,Geography,medium,Which country has three capital cities?,South Africa,Somalia,China,United Kingdom,A,NOT_TRANSLATED,SOURCE_CANDIDATE_ONLY
opentdb_0141,Open Trivia Database API,CC BY-SA 4.0,Geography,medium,What city is the Terracotta Army located in?,Xi'an,Beijing,Shanghai,Hong Kong,A,NOT_TRANSLATED,SOURCE_CANDIDATE_ONLY
opentdb_0142,Open Trivia Database API,CC BY-SA 4.0,Geography,hard,How many stations does the Central Line have on the London Underground?,49,51,43,47,A,NOT_TRANSLATED,SOURCE_CANDIDATE_ONLY
opentdb_0143,Open Trivia Database API,CC BY-SA 4.0,Geography,medium,What is the name of the capital of Turkey?,Ankara,Istanbul,Izmir,Bursa,A,NOT_TRANSLATED,SOURCE_CANDIDATE_ONLY
opentdb_0144,Open Trivia Database API,CC BY-SA 4.0,Geography,hard,Which of these countries is NOT a part of the Asian continent?,Suriname,Georgia,Russia,Singapore,A,NOT_TRANSLATED,SOURCE_CANDIDATE_ONLY
opentdb_0145,Open Trivia Database API,CC BY-SA 4.0,Geography,hard,What is the official German name of the Swiss Federal Railways?,Schweizerische Bundesbahnen,Schweizerische Nationalbahnen,Bundesbahnen der Schweiz,Schweizerische Staatsbahnen,A,NOT_TRANSLATED,SOURCE_CANDIDATE_ONLY
opentdb_0146,Open Trivia Database API,CC BY-SA 4.0,Geography,hard,How many islands does Kuwait have?,9,3,6,2,A,NOT_TRANSLATED,SOURCE_CANDIDATE_ONLY
opentdb_0147,Open Trivia Database API,CC BY-SA 4.0,Geography,easy,Which country is the home of the largest Japanese population outside of Japan?,Brazil,China,Russia,The United States,A,NOT_TRANSLATED,SOURCE_CANDIDATE_ONLY
opentdb_0148,Open Trivia Database API,CC BY-SA 4.0,Geography,hard,What is the name of the Canadian national anthem?,O Canada,O Red Maple,Leaf-Spangled Banner,March of the Puck Drop,A,NOT_TRANSLATED,SOURCE_CANDIDATE_ONLY
opentdb_0149,Open Trivia Database API,CC BY-SA 4.0,Geography,medium,The Principality of Sealand is an unrecognized micronation off the coast of what country?,The United Kingdom,Japan,Austrailia,Argentina,A,NOT_TRANSLATED,SOURCE_CANDIDATE_ONLY
opentdb_0150,Open Trivia Database API,CC BY-SA 4.0,Geography,hard,In what part of Wales will you find the village Llanfairpwllgwyngyllgogerychwyrndrobwllllantysiliogogogoch?,Anglesey,Pembrokeshire,Wrexham,Bridgend,A,NOT_TRANSLATED,SOURCE_CANDIDATE_ONLY
opentdb_0151,Open Trivia Database API,CC BY-SA 4.0,History,medium,"Who led France during the ""Reign of Terror"" ?",Maximilien Robespierre,Napoleon Bonaparte,Jean-Paul Marat,Louis XVI,A,NOT_TRANSLATED,SOURCE_CANDIDATE_ONLY
opentdb_0152,Open Trivia Database API,CC BY-SA 4.0,History,easy,When did the Battle of the Somme begin?,"July 1st, 1916","August 1st, 1916","July 2nd, 1916","June 30th, 1916",A,NOT_TRANSLATED,SOURCE_CANDIDATE_ONLY
opentdb_0153,Open Trivia Database API,CC BY-SA 4.0,History,medium,The gunpowder plot was a well-known failed assassination attempt against which of England's then reigning monarchs?,James I,Elizabeth I,Charles II,Charles I,A,NOT_TRANSLATED,SOURCE_CANDIDATE_ONLY
opentdb_0154,Open Trivia Database API,CC BY-SA 4.0,History,hard,When was the Gregorian Calendar first adopted?,1582,1623,1501,1555,A,NOT_TRANSLATED,SOURCE_CANDIDATE_ONLY
opentdb_0155,Open Trivia Database API,CC BY-SA 4.0,History,hard,The pantheon in Rome was used to worship what god?,Any god they wanted,Athena,Zeus,Both Athena and Zeus,A,NOT_TRANSLATED,SOURCE_CANDIDATE_ONLY
opentdb_0156,Open Trivia Database API,CC BY-SA 4.0,History,hard,The Second Boer War in 1899 was fought where?,South Africa,Argentina,Nepal,Bulgaria,A,NOT_TRANSLATED,SOURCE_CANDIDATE_ONLY
opentdb_0157,Open Trivia Database API,CC BY-SA 4.0,History,easy,What was Manfred von Richthofen's nickname?,The Red Baron,The High Flying Ace,The Blue Serpent ,The Germany Gunner,A,NOT_TRANSLATED,SOURCE_CANDIDATE_ONLY
opentdb_0158,Open Trivia Database API,CC BY-SA 4.0,History,medium,When did the Battle of the Bulge end?,"January 25, 1945","August 6, 1945","December 7, 1941","December 16, 1944",A,NOT_TRANSLATED,SOURCE_CANDIDATE_ONLY
opentdb_0159,Open Trivia Database API,CC BY-SA 4.0,History,medium,"In 1845, a series of wars named after which indigenous people began in New Zealand?",Māori,Papuans,Aborigines,Polynesians,A,NOT_TRANSLATED,SOURCE_CANDIDATE_ONLY
opentdb_0160,Open Trivia Database API,CC BY-SA 4.0,History,medium,Which of these countries was NOT a part of the Soviet Union?,Afghanistan,Turkmenistan,Kazakhstan,Uzbekistan,A,NOT_TRANSLATED,SOURCE_CANDIDATE_ONLY
opentdb_0161,Open Trivia Database API,CC BY-SA 4.0,History,easy,Which German field marshal was known as the `Desert Fox`?,Erwin Rommel,Ernst Busch,Wolfram Freiherr von Richthofen,Wilhelm List,A,NOT_TRANSLATED,SOURCE_CANDIDATE_ONLY
opentdb_0162,Open Trivia Database API,CC BY-SA 4.0,History,medium,When was the Grand Patriotic War in the USSR concluded?,"May 9th, 1945","September 2nd, 1945","August 9th, 1945","December 11th, 1945",A,NOT_TRANSLATED,SOURCE_CANDIDATE_ONLY
opentdb_0163,Open Trivia Database API,CC BY-SA 4.0,History,hard,"When was the ""Siege of Leningrad"" lifted during World War II?",January 1944,September 1943,November 1943,March 1944,A,NOT_TRANSLATED,SOURCE_CANDIDATE_ONLY
opentdb_0164,Open Trivia Database API,CC BY-SA 4.0,History,medium,"According to scholarly estimates, what percentage of the world population at the time died due to Tamerlane's conquests?",5%,1%,3%,<1%,A,NOT_TRANSLATED,SOURCE_CANDIDATE_ONLY
opentdb_0165,Open Trivia Database API,CC BY-SA 4.0,History,medium,Which of the following battles is often considered as marking the beginning of the fall of the Western Roman Empire?,Battle of Adrianople,Battle of Thessalonica,Battle of Pollentia,Battle of Constantinople,A,NOT_TRANSLATED,SOURCE_CANDIDATE_ONLY
opentdb_0166,Open Trivia Database API,CC BY-SA 4.0,History,hard,"During World War I, which nation's monarchs were blood related?","England, Germany, Russia","France, Russia, Germany","Serbia, Russia, Croatia","Germany, Spain, Austria",A,NOT_TRANSLATED,SOURCE_CANDIDATE_ONLY
opentdb_0167,Open Trivia Database API,CC BY-SA 4.0,History,medium,Which of the following countries was the first to send an object into space?,Germany,USA,Russia,China,A,NOT_TRANSLATED,SOURCE_CANDIDATE_ONLY
opentdb_0168,Open Trivia Database API,CC BY-SA 4.0,History,easy,Which of these landmarks is not included in the original 'Seven Wonders of the Ancient World'?,Great Wall of China,Great Pyramid of Giza,Colossus of Rhodes,Hanging Gardens of Babylon,A,NOT_TRANSLATED,SOURCE_CANDIDATE_ONLY
opentdb_0169,Open Trivia Database API,CC BY-SA 4.0,History,medium,"After his loss at the Battle of Waterloo, Napoleon Bonaparte was exiled to which island?",St. Helena,Elba,Corsica,Canary,A,NOT_TRANSLATED,SOURCE_CANDIDATE_ONLY
opentdb_0170,Open Trivia Database API,CC BY-SA 4.0,History,easy,"The RMS Titanic sunk during her maiden voyage from Southampton, England to which American city?",New York City,Boston ,Philadelphia,Washington,A,NOT_TRANSLATED,SOURCE_CANDIDATE_ONLY
opentdb_0171,Open Trivia Database API,CC BY-SA 4.0,History,medium,"In the War of the Pacific (1879 - 1883), Bolivia lost its access to the Pacific Ocean after being defeated by which South American country?",Chile,Peru,Brazil,Argentina,A,NOT_TRANSLATED,SOURCE_CANDIDATE_ONLY
opentdb_0172,Open Trivia Database API,CC BY-SA 4.0,History,medium,In what year was the last natural case of smallpox documented?,1977,1982,1980,1990,A,NOT_TRANSLATED,SOURCE_CANDIDATE_ONLY
opentdb_0173,Open Trivia Database API,CC BY-SA 4.0,History,hard,When was Adolf Hitler appointed as Chancellor of Germany?,"January 30, 1933","September 1, 1939","February 27, 1933","October 6, 1939",A,NOT_TRANSLATED,SOURCE_CANDIDATE_ONLY
opentdb_0174,Open Trivia Database API,CC BY-SA 4.0,History,easy,What was William Frederick Cody better known as?,Buffalo Bill,Billy the Kid,Wild Bill Hickok,Pawnee Bill,A,NOT_TRANSLATED,SOURCE_CANDIDATE_ONLY
opentdb_0175,Open Trivia Database API,CC BY-SA 4.0,History,hard,What was the last colony the UK ceded marking the end of the British Empire?,Hong Kong,India,Australia,Ireland,A,NOT_TRANSLATED,SOURCE_CANDIDATE_ONLY
opentdb_0176,Open Trivia Database API,CC BY-SA 4.0,History,medium,"What was the transfer of disease, crops, and people across the Atlantic shortly after the discovery of the Americas called?",The Columbian Exchange,Triangle Trade,Transatlantic Slave Trade,The Silk Road,A,NOT_TRANSLATED,SOURCE_CANDIDATE_ONLY
opentdb_0177,Open Trivia Database API,CC BY-SA 4.0,History,easy,What is the historical name of Sri Lanka?,Ceylon,Myanmar,Colombo,Badulla,A,NOT_TRANSLATED,SOURCE_CANDIDATE_ONLY
opentdb_0178,Open Trivia Database API,CC BY-SA 4.0,History,medium,The minigun was designed in 1960 by which manufacturer.,General Electric,Colt Firearms,Heckler & Koch,Sig Sauer,A,NOT_TRANSLATED,SOURCE_CANDIDATE_ONLY
opentdb_0179,Open Trivia Database API,CC BY-SA 4.0,History,medium,Who is attributed credit for recording the epic poem The Odyssey?,Homer,Aristotle,Odysseus,Socrates,A,NOT_TRANSLATED,SOURCE_CANDIDATE_ONLY
opentdb_0180,Open Trivia Database API,CC BY-SA 4.0,History,medium,How many times was Albert Einstein married in his lifetime?,Twice,Five,Thrice,Once,A,NOT_TRANSLATED,SOURCE_CANDIDATE_ONLY
opentdb_0181,Open Trivia Database API,CC BY-SA 4.0,History,medium,Under which name was Rodrigo Borgia made Pope?,Alexander VI,Rodrigo I,John Paul II,Pius VII,A,NOT_TRANSLATED,SOURCE_CANDIDATE_ONLY
opentdb_0182,Open Trivia Database API,CC BY-SA 4.0,History,hard,"In the Seven Wonders of the World, which wonder is the only that has survived to this day?",Great Pyramid of Giza,Colossus of Rhodes,Lighthouse of Alexandria,Statue of Zeus at Olympia,A,NOT_TRANSLATED,SOURCE_CANDIDATE_ONLY
opentdb_0183,Open Trivia Database API,CC BY-SA 4.0,History,medium,"What year did Skoal, a smokeless Tobacco company, release their first line of Pouches, known as ""Skoal Bandits""?",1983,1934,1984,1822,A,NOT_TRANSLATED,SOURCE_CANDIDATE_ONLY
opentdb_0184,Open Trivia Database API,CC BY-SA 4.0,History,medium,What was the bloodiest single-day battle during the American Civil War?,The Battle of Antietam,The Siege of Vicksburg,The Battle of Gettysburg,The Battles of Chancellorsville,A,NOT_TRANSLATED,SOURCE_CANDIDATE_ONLY
opentdb_0185,Open Trivia Database API,CC BY-SA 4.0,History,hard,Who assassinated President James A. Garfield?,Charles Guiteau,Sirhan Sirhan,Leon Czolgosz,John Wilkes Booth,A,NOT_TRANSLATED,SOURCE_CANDIDATE_ONLY
opentdb_0186,Open Trivia Database API,CC BY-SA 4.0,History,medium,Which country gifted the Statue of Liberty to the United States of America?,France,Spain,England,Germany,A,NOT_TRANSLATED,SOURCE_CANDIDATE_ONLY
opentdb_0187,Open Trivia Database API,CC BY-SA 4.0,History,hard,What was the name of the spy ring that helped the United States win the Revolutionary War?,Culper Ring,New York Spy Ring,Washington's Spies,Unnamed,A,NOT_TRANSLATED,SOURCE_CANDIDATE_ONLY
opentdb_0188,Open Trivia Database API,CC BY-SA 4.0,History,medium,What is the name of the famous Apache leader who died in 1909 at the age of 70?,Geronimo,Sitting Bull,Red Cloud,Crazy Horse,A,NOT_TRANSLATED,SOURCE_CANDIDATE_ONLY
opentdb_0189,Open Trivia Database API,CC BY-SA 4.0,History,hard,The Battle of Hastings was fought in which year?,1066,911,1204,1420,A,NOT_TRANSLATED,SOURCE_CANDIDATE_ONLY
opentdb_0190,Open Trivia Database API,CC BY-SA 4.0,History,hard,"What was the aim of the ""Umbrella Revolution"" in Hong Kong in 2014?",Genuine universal suffrage,Gaining Independence,Go back under British Rule,Lower taxes,A,NOT_TRANSLATED,SOURCE_CANDIDATE_ONLY
opentdb_0191,Open Trivia Database API,CC BY-SA 4.0,History,easy,Which of the following African countries was most successful in resisting colonization?,Ethiopia,Côte d’Ivoire,Congo,Namibia,A,NOT_TRANSLATED,SOURCE_CANDIDATE_ONLY
opentdb_0192,Open Trivia Database API,CC BY-SA 4.0,History,medium,Who assassinated Archduke Franz Ferdinand?,Gavrilo Princip,Nedeljko Čabrinović,Oskar Potiorek,Ferdinand Cohen-Blind,A,NOT_TRANSLATED,SOURCE_CANDIDATE_ONLY
opentdb_0193,Open Trivia Database API,CC BY-SA 4.0,History,medium,Which Louis was known as 'The Sun King of France'?,Louis XIV,Louis XIII,Louis XV,Louis XVI,A,NOT_TRANSLATED,SOURCE_CANDIDATE_ONLY
opentdb_0194,Open Trivia Database API,CC BY-SA 4.0,History,medium,When did Norway get its constitution?,1814,1932,1905,1854,A,NOT_TRANSLATED,SOURCE_CANDIDATE_ONLY
opentdb_0195,Open Trivia Database API,CC BY-SA 4.0,History,hard,The ancient city of Chichén Itzá was built by which civilization?,Mayans,Aztecs,Incas,Toltecs,A,NOT_TRANSLATED,SOURCE_CANDIDATE_ONLY
opentdb_0196,Open Trivia Database API,CC BY-SA 4.0,History,medium,The creator of the Enigma Cypher and Machine was of what nationality?,German,American,British,Polish,A,NOT_TRANSLATED,SOURCE_CANDIDATE_ONLY
opentdb_0197,Open Trivia Database API,CC BY-SA 4.0,History,easy,Which country was Josef Stalin born in?,Georgia,Russia,Germany,Poland,A,NOT_TRANSLATED,SOURCE_CANDIDATE_ONLY
opentdb_0198,Open Trivia Database API,CC BY-SA 4.0,History,medium,What event marked the start of World War II?,Invasion of Poland (1939),Invasion of Russia (1942),Battle of Britain (1940),Invasion of Normandy (1944),A,NOT_TRANSLATED,SOURCE_CANDIDATE_ONLY
opentdb_0199,Open Trivia Database API,CC BY-SA 4.0,History,medium,The Spitfire L.F. Mk IX had what engine?,Merlin 66,Griffon 65,Merlin 50,Merlin X,A,NOT_TRANSLATED,SOURCE_CANDIDATE_ONLY
opentdb_0200,Open Trivia Database API,CC BY-SA 4.0,History,medium,"When did O, Canada officially become the national anthem?",1980,1950,1920,1880,A,NOT_TRANSLATED,SOURCE_CANDIDATE_ONLY
opentdb_0201,Open Trivia Database API,CC BY-SA 4.0,Politics,medium,Who was the only president to not be in office in Washington D.C?,George Washington,Abraham Lincoln,Richard Nixon,Thomas Jefferson,A,NOT_TRANSLATED,SOURCE_CANDIDATE_ONLY
opentdb_0202,Open Trivia Database API,CC BY-SA 4.0,Politics,easy,The largest consumer market in 2015 was...,The United States of America,Germany,Japan,United Kingdom,A,NOT_TRANSLATED,SOURCE_CANDIDATE_ONLY
opentdb_0203,Open Trivia Database API,CC BY-SA 4.0,Politics,medium,The Watergate Scandal occured in what year?,1972,1973,1974,1971,A,NOT_TRANSLATED,SOURCE_CANDIDATE_ONLY
opentdb_0204,Open Trivia Database API,CC BY-SA 4.0,Politics,medium,Who was the British Prime Minister at the outbreak of the Second World War?,Neville Chamberlain,Clement Attlee,Winston Churchill,Stanley Baldwin,A,NOT_TRANSLATED,SOURCE_CANDIDATE_ONLY
opentdb_0205,Open Trivia Database API,CC BY-SA 4.0,Politics,hard,Which US state was the first to allow women to vote in 1869?,Wyoming,California,Delaware,Virginia,A,NOT_TRANSLATED,SOURCE_CANDIDATE_ONLY
opentdb_0206,Open Trivia Database API,CC BY-SA 4.0,Politics,hard,Which nation joined NATO as its 29th member in 2017?,Montenegro,Estonia,Andorra,Iceland,A,NOT_TRANSLATED,SOURCE_CANDIDATE_ONLY
opentdb_0207,Open Trivia Database API,CC BY-SA 4.0,Politics,hard,"Starting from 2000, China banned manufacturing and sales of all video game consoles. On which year was this ban lifted?",2015,2012,2008,2017,A,NOT_TRANSLATED,SOURCE_CANDIDATE_ONLY
opentdb_0208,Open Trivia Database API,CC BY-SA 4.0,Politics,medium,"What was the personal nickname of the 40th Governor of the US State Louisiana, Huey Long?",The Kingfish,The Champ,The Hoot Owl,The Oracle,A,NOT_TRANSLATED,SOURCE_CANDIDATE_ONLY
opentdb_0209,Open Trivia Database API,CC BY-SA 4.0,Politics,hard,What is the name of Niccolò Machiavelli's work that argued effective leaders needed to crush their opponents at all costs?,The Prince,The Rape of Lucrece,Will to Power,Love's Labours Lost,A,NOT_TRANSLATED,SOURCE_CANDIDATE_ONLY
opentdb_0210,Open Trivia Database API,CC BY-SA 4.0,Politics,medium,Which U.S. president is said to have had the longest beard?,Rutherford B. Hayes,Zachary Taylor,John Quincy Adams,James A. Garfield,A,NOT_TRANSLATED,SOURCE_CANDIDATE_ONLY
opentdb_0211,Open Trivia Database API,CC BY-SA 4.0,Politics,hard,What year did the effort to deploy the Common Core State Standards (CCSS) in the US begin?,2009,2012,2006,1997,A,NOT_TRANSLATED,SOURCE_CANDIDATE_ONLY
opentdb_0212,Open Trivia Database API,CC BY-SA 4.0,Politics,medium,Which United Nations principal organ has been suspended since 1994?,Trusteeship Council,Secretariat,General Assembly,Economic and Social Council,A,NOT_TRANSLATED,SOURCE_CANDIDATE_ONLY
opentdb_0213,Open Trivia Database API,CC BY-SA 4.0,Politics,medium,Who succeeded Joseph Stalin as General Secretary of the Communist Party of the Soviet Union?,Nikita Khrushchev,Leonid Brezhnev,Mikhail Gorbachev,Boris Yeltsin,A,NOT_TRANSLATED,SOURCE_CANDIDATE_ONLY
opentdb_0214,Open Trivia Database API,CC BY-SA 4.0,Politics,medium,"Before 2016, in which other year did Donald Trump run for President?",2000,2012,1988,2008,A,NOT_TRANSLATED,SOURCE_CANDIDATE_ONLY
opentdb_0215,Open Trivia Database API,CC BY-SA 4.0,Politics,medium,What year did Gerald Ford Become President?,1974,1977,1973,1969,A,NOT_TRANSLATED,SOURCE_CANDIDATE_ONLY
opentdb_0216,Open Trivia Database API,CC BY-SA 4.0,Politics,easy,Which of the following Pacific Islander countries is ruled by a constitutional monarchy?,Tonga,Palau,Fiji,Kiribati,A,NOT_TRANSLATED,SOURCE_CANDIDATE_ONLY
opentdb_0217,Open Trivia Database API,CC BY-SA 4.0,Politics,easy,"According to the United States Constitution, how old must a person be to be elected President of the United States?",35,30,40,45,A,NOT_TRANSLATED,SOURCE_CANDIDATE_ONLY
opentdb_0218,Open Trivia Database API,CC BY-SA 4.0,Politics,easy,Who was South Africa's first Black President?,Nelson Mandela,Mangosuthu Buthelezi,Steve Biko ,Bishop Tutu,A,NOT_TRANSLATED,SOURCE_CANDIDATE_ONLY
opentdb_0219,Open Trivia Database API,CC BY-SA 4.0,Politics,medium,Who became Prime Minister of the United Kingdom in July 2016?,Theresa May,Boris Johnson,David Cameron,Tony Blair,A,NOT_TRANSLATED,SOURCE_CANDIDATE_ONLY
opentdb_0220,Open Trivia Database API,CC BY-SA 4.0,Politics,easy,What candidate won the 2012 US Presidential Election?,Barack Obama,Mitt Romney,Bob Hope,Ross Perot,A,NOT_TRANSLATED,SOURCE_CANDIDATE_ONLY
opentdb_0221,Open Trivia Database API,CC BY-SA 4.0,Politics,easy,"Which former US president was nicknamed ""Teddy"" after he refused to shoot a defenseless black bear?",Theodore Roosevelt,Woodrow Wilson,James F. Fielder,Andrew Jackson,A,NOT_TRANSLATED,SOURCE_CANDIDATE_ONLY
opentdb_0222,Open Trivia Database API,CC BY-SA 4.0,Politics,medium,Who was elected leader of the UK Labour Party in September 2015?,Jeremy Corbyn,Ed Miliband,David Cameron,Theresa May,A,NOT_TRANSLATED,SOURCE_CANDIDATE_ONLY
opentdb_0223,Open Trivia Database API,CC BY-SA 4.0,Politics,hard,Which major bank's collapse was notable as one of the causes of the Financal Crisis of 2008?,Lehman Brothers,HSBC,Barclays,Lloyds,A,NOT_TRANSLATED,SOURCE_CANDIDATE_ONLY
opentdb_0224,Open Trivia Database API,CC BY-SA 4.0,Politics,hard,Who is the only US president to serve two non-consecutive terms in office?,Grover Cleveland,James K. Polk,Franklin D. Roosevelt,Thomas Jefferson,A,NOT_TRANSLATED,SOURCE_CANDIDATE_ONLY
opentdb_0225,Open Trivia Database API,CC BY-SA 4.0,Politics,hard,What is centralism?, Concentration of power and authority in a central organization.,Conforming to one single common political agenda.,Remaining politically neutral.,The grey area in the spectrum of political left and right.,A,NOT_TRANSLATED,SOURCE_CANDIDATE_ONLY
opentdb_0226,Open Trivia Database API,CC BY-SA 4.0,Politics,easy,How many people are in the U.S. House of Representatives?,435,260,415,50,A,NOT_TRANSLATED,SOURCE_CANDIDATE_ONLY
opentdb_0227,Open Trivia Database API,CC BY-SA 4.0,Politics,medium,What is the primary purpose of the Fourth Amendment to the US Constitution?,Preventing unreasonable searches and seizures,Preventing cruel and unusual punishments,Protecting against imprisonment without due process of law,Protecting the right to keep and bear arms,A,NOT_TRANSLATED,SOURCE_CANDIDATE_ONLY
opentdb_0228,Open Trivia Database API,CC BY-SA 4.0,Politics,medium,"Due to the Nagoya Resolution, China agreed to allow Taiwan to compete separately in international sporting events under what name?",Chinese Taipei,Chinese Taiwan,Republic of Taiwan,Republic of Taipei ,A,NOT_TRANSLATED,SOURCE_CANDIDATE_ONLY
opentdb_0229,Open Trivia Database API,CC BY-SA 4.0,Politics,medium,Which of these is NOT one of Donald Trump's children?,Julius,Donald Jr.,Ivanka,Eric,A,NOT_TRANSLATED,SOURCE_CANDIDATE_ONLY
opentdb_0230,Open Trivia Database API,CC BY-SA 4.0,Politics,hard,Which of the following United States Presidents served the shortest term in office?,William Henry Harrison,Zachary Taylor,James A. Garfield,Warren G. Harding,A,NOT_TRANSLATED,SOURCE_CANDIDATE_ONLY
opentdb_0231,Open Trivia Database API,CC BY-SA 4.0,Politics,easy,"Whose 2016 presidential campaign slogan was ""Make America Great Again""?",Donald Trump,Ted Cruz,Marco Rubio,Bernie Sanders,A,NOT_TRANSLATED,SOURCE_CANDIDATE_ONLY
opentdb_0232,Open Trivia Database API,CC BY-SA 4.0,Politics,hard,Which letter do you need to have on a European driver license in order to ride any motorbikes?,A,X,D,B,A,NOT_TRANSLATED,SOURCE_CANDIDATE_ONLY
opentdb_0233,Open Trivia Database API,CC BY-SA 4.0,Politics,hard,"Who was the longest-serving senator in US history, serving from 1959 to 2010?",Robert Byrd,Daniel Inouye,Strom Thurmond,Joe Biden,A,NOT_TRANSLATED,SOURCE_CANDIDATE_ONLY
opentdb_0234,Open Trivia Database API,CC BY-SA 4.0,Politics,medium,"Between 1973 to 1990, what country was ruled by dictator Augusto Pinochet?",Chile,Ethiopia,Indonesia,Nicaragua,A,NOT_TRANSLATED,SOURCE_CANDIDATE_ONLY
opentdb_0235,Open Trivia Database API,CC BY-SA 4.0,Politics,medium,Which city is the seat of government of the Netherlands?,The Hague,Amsterdam,Utrecht,Rotterdam,A,NOT_TRANSLATED,SOURCE_CANDIDATE_ONLY
opentdb_0236,Open Trivia Database API,CC BY-SA 4.0,Politics,medium,Who was the 40th President of the USA?,Ronald Reagan,Jimmy Carter,Bill Clinton,Richard Nixon,A,NOT_TRANSLATED,SOURCE_CANDIDATE_ONLY
opentdb_0237,Open Trivia Database API,CC BY-SA 4.0,Politics,hard,Which of these was an official candidate in the 2017 British General Election?,Lord Buckethead,James Francis,Robert Wimbledon,Sir Crumpetsby,A,NOT_TRANSLATED,SOURCE_CANDIDATE_ONLY
opentdb_0238,Open Trivia Database API,CC BY-SA 4.0,Politics,medium,Which of the following Argentinian presidents was elected in 2015?,Mauricio Macri,Cristina Fernandez de Kirchner,Nestor Kirchner,Juan Domingo Peron,A,NOT_TRANSLATED,SOURCE_CANDIDATE_ONLY
opentdb_0239,Open Trivia Database API,CC BY-SA 4.0,Politics,medium,"In United States history, how many vice presidents did Franklin D. Roosevelt have during his time in office as president?",3,1,2,0,A,NOT_TRANSLATED,SOURCE_CANDIDATE_ONLY
opentdb_0240,Open Trivia Database API,CC BY-SA 4.0,Politics,easy,Who was the 45th President of the United States?,Donald Trump,Barack Obama,Bill Clinton,George Bush,A,NOT_TRANSLATED,SOURCE_CANDIDATE_ONLY
opentdb_0241,Open Trivia Database API,CC BY-SA 4.0,Politics,hard,Which of the following United States senators is known for performing a 24-hour long filibuster?,Strom Thurmond,Roy Blunt,John Barrasso,Chuck Schumer,A,NOT_TRANSLATED,SOURCE_CANDIDATE_ONLY
opentdb_0242,Open Trivia Database API,CC BY-SA 4.0,Politics,hard,Which Native American tribe/nation requires at least one half blood quantum (equivalent to one parent) to be eligible for membership?,Yomba Shoshone Tribe,Standing Rock Sioux Tribe,Kiowa Tribe of Oklahoma,Pawnee Nation of Oklahoma,A,NOT_TRANSLATED,SOURCE_CANDIDATE_ONLY
opentdb_0243,Open Trivia Database API,CC BY-SA 4.0,Politics,medium,"What country saw a world record 315 million voters turn out for elections on May 20, 1991?",India,United States of America,Soviet Union,Poland,A,NOT_TRANSLATED,SOURCE_CANDIDATE_ONLY
opentdb_0244,Open Trivia Database API,CC BY-SA 4.0,Politics,medium,"Before 2011, ""True Capitalist Radio"" was known by a different name. What was that name?",True Conservative Radio,True Republican Radio,Texan Capitalist Radio,United Capitalists,A,NOT_TRANSLATED,SOURCE_CANDIDATE_ONLY
opentdb_0245,Open Trivia Database API,CC BY-SA 4.0,Politics,medium,"Which former US president used ""Let's Make America Great Again"" as his campaign slogan before Donald Trump's campaign?",Ronald Reagan,Jimmy Carter,Gerald Ford,Richard Nixon,A,NOT_TRANSLATED,SOURCE_CANDIDATE_ONLY
opentdb_0246,Open Trivia Database API,CC BY-SA 4.0,Politics,medium,Which president erased the national debt of the United States?,Andrew Jackson,Ronald Reagan,John F. Kennedy,Franklin Roosevelt,A,NOT_TRANSLATED,SOURCE_CANDIDATE_ONLY
opentdb_0247,Open Trivia Database API,CC BY-SA 4.0,Politics,medium,Who is one of the co-princes of Andorra?,The president of France,The monarch of the UK,The Pope,No-one (the position is vacant),A,NOT_TRANSLATED,SOURCE_CANDIDATE_ONLY
opentdb_0248,Open Trivia Database API,CC BY-SA 4.0,Politics,medium,What is former United States President Bill Clinton's full name?,William Jefferson Clinton,William Roosevelt Clinton,William Truman Clinton,William Lincoln Clinton,A,NOT_TRANSLATED,SOURCE_CANDIDATE_ONLY
opentdb_0249,Open Trivia Database API,CC BY-SA 4.0,Politics,hard,"""Yes, America Can!"" was this United States politician's de facto campaign slogan in 2004.",George W. Bush,John Kerry,Barack Obama,Al Gore,A,NOT_TRANSLATED,SOURCE_CANDIDATE_ONLY
opentdb_0250,Open Trivia Database API,CC BY-SA 4.0,Politics,medium,What are the first names of the first father and son pair that were both Prime Ministers of Canada?,Justin and Pierre,John and Louis,Brian and Justin,Brian and Pierre,A,NOT_TRANSLATED,SOURCE_CANDIDATE_ONLY
opentdb_0251,Open Trivia Database API,CC BY-SA 4.0,Art,easy,What is a fundamental element of the Gothic style of architecture?,pointed arch,coffered ceilings,façades surmounted by a pediment ,internal frescoes,A,NOT_TRANSLATED,SOURCE_CANDIDATE_ONLY
opentdb_0252,Open Trivia Database API,CC BY-SA 4.0,Art,medium,"In ""Last Supper"" by Leonardo Da Vinci, what two colors were the robes worn by Jesus?",Red and Blue,Red and White,Red and Yellow,Red and Black,A,NOT_TRANSLATED,SOURCE_CANDIDATE_ONLY
opentdb_0253,Open Trivia Database API,CC BY-SA 4.0,Art,medium,"Who painted the painting ""Nighthawks""?",Edward Hopper,Johannes Vermeer,Vincent van Gogh,Salvador Dali,A,NOT_TRANSLATED,SOURCE_CANDIDATE_ONLY
opentdb_0254,Open Trivia Database API,CC BY-SA 4.0,Art,easy,"Who painted ""Swans Reflecting Elephants"", ""Sleep"", and ""The Persistence of Memory""?",Salvador Dali,Jackson Pollock,Vincent van Gogh,Edgar Degas,A,NOT_TRANSLATED,SOURCE_CANDIDATE_ONLY
opentdb_0255,Open Trivia Database API,CC BY-SA 4.0,Art,medium,Which of these are the name of a famous marker brand?,Copic,Dopix,Cofix,Marx,A,NOT_TRANSLATED,SOURCE_CANDIDATE_ONLY
opentdb_0256,Open Trivia Database API,CC BY-SA 4.0,Art,medium,"Which artist painted “The Treachery of Images,” a painting of a pipe with the description ""this is not a pipe""?",Magritte,Matisse,Modigliani,Munch ,A,NOT_TRANSLATED,SOURCE_CANDIDATE_ONLY
opentdb_0257,Open Trivia Database API,CC BY-SA 4.0,Art,hard,What nationality was the famous artist Van Gogh?,Dutch,French,Russian,Polish,A,NOT_TRANSLATED,SOURCE_CANDIDATE_ONLY
opentdb_0258,Open Trivia Database API,CC BY-SA 4.0,Art,hard,Which of these is not an additional variation of the color purple?,Kobicha,Byzantium,Pomp and Power,Palatinate,A,NOT_TRANSLATED,SOURCE_CANDIDATE_ONLY
opentdb_0259,Open Trivia Database API,CC BY-SA 4.0,Art,hard,"How many paint and pastel versions of ""The Scream"" is Norwegian painter Edvard Munch believed to have produced?",4,1,3,2,A,NOT_TRANSLATED,SOURCE_CANDIDATE_ONLY
opentdb_0260,Open Trivia Database API,CC BY-SA 4.0,Art,easy,Who painted the Mona Lisa?,Leonardo da Vinci ,Pablo Picasso, Vincent van Gogh,Michelangelo,A,NOT_TRANSLATED,SOURCE_CANDIDATE_ONLY
opentdb_0261,Open Trivia Database API,CC BY-SA 4.0,Art,hard,What year was the Mona Lisa finished?,1504,1487,1523,1511,A,NOT_TRANSLATED,SOURCE_CANDIDATE_ONLY
opentdb_0262,Open Trivia Database API,CC BY-SA 4.0,Art,medium,Which artist’s studio was known as 'The Factory'?,Andy Warhol,Roy Lichtenstein,David Hockney,Peter Blake,A,NOT_TRANSLATED,SOURCE_CANDIDATE_ONLY
opentdb_0263,Open Trivia Database API,CC BY-SA 4.0,Art,hard,What nationality was the famous artist Pablo Picasso?,Spanish,French,Italian,German,A,NOT_TRANSLATED,SOURCE_CANDIDATE_ONLY
opentdb_0264,Open Trivia Database API,CC BY-SA 4.0,Art,hard,"What year did Albrecht Dürer create the painting ""The Young Hare""?",1502,1702,1402,1602,A,NOT_TRANSLATED,SOURCE_CANDIDATE_ONLY
opentdb_0265,Open Trivia Database API,CC BY-SA 4.0,Art,hard,"When was Salvador Dali's painting, ""The Persistence of Memory,"" completed?",1931,1932,1929,1934,A,NOT_TRANSLATED,SOURCE_CANDIDATE_ONLY
opentdb_0266,Open Trivia Database API,CC BY-SA 4.0,Art,easy,Who painted The Starry Night?,Vincent van Gogh,Pablo Picasso,Leonardo da Vinci,Michelangelo,A,NOT_TRANSLATED,SOURCE_CANDIDATE_ONLY
opentdb_0267,Open Trivia Database API,CC BY-SA 4.0,Art,medium,Who designed the Chupa Chups logo?,Salvador Dali,Pablo Picasso,Andy Warhol,Vincent van Gogh,A,NOT_TRANSLATED,SOURCE_CANDIDATE_ONLY
opentdb_0268,Open Trivia Database API,CC BY-SA 4.0,Art,medium,"Who painted ""The Scream""?",Edvard Munch,Vincent Van Gogh,Picasso,Henri Matisse,A,NOT_TRANSLATED,SOURCE_CANDIDATE_ONLY
opentdb_0269,Open Trivia Database API,CC BY-SA 4.0,Art,medium,What were Marcel Duchamp's readymades?,utilitarian objects elevated to the status of art,a series focused on color and light as opposed to line and shape,paintings with a barely visible outlined square,a group of identical steel boxes jutting from the wall ,A,NOT_TRANSLATED,SOURCE_CANDIDATE_ONLY
opentdb_0270,Open Trivia Database API,CC BY-SA 4.0,Art,medium,Which one of these colors are not featured in Mondrian's Broadway Boogie-Woogie?,Green,Blue,Yellow,Red,A,NOT_TRANSLATED,SOURCE_CANDIDATE_ONLY
opentdb_0271,Open Trivia Database API,CC BY-SA 4.0,Art,hard,Albrecht Dürer's birthplace and place of death were in...,Nürnberg,Augsburg,Bamberg,Berlin,A,NOT_TRANSLATED,SOURCE_CANDIDATE_ONLY
opentdb_0272,Open Trivia Database API,CC BY-SA 4.0,Art,hard,Painter Piet Mondrian (1872 - 1944) was a part of what movement?,Neoplasticism,Precisionism,Cubism,Impressionism,A,NOT_TRANSLATED,SOURCE_CANDIDATE_ONLY
opentdb_0273,Open Trivia Database API,CC BY-SA 4.0,Art,easy,"Who painted ""The Starry Night""?",Vincent van Gogh,Edvard Munch,Pablo Picasso,Claude Monet,A,NOT_TRANSLATED,SOURCE_CANDIDATE_ONLY
opentdb_0274,Open Trivia Database API,CC BY-SA 4.0,Art,easy,Who painted the Sistine Chapel?,Michelangelo,Leonardo da Vinci,Pablo Picasso,Raphael,A,NOT_TRANSLATED,SOURCE_CANDIDATE_ONLY
opentdb_0275,Open Trivia Database API,CC BY-SA 4.0,Art,hard,"The painting ""The Starry Night"" by Vincent van Gogh was part of which art movement?",Post-Impressionism,Romanticism,Neoclassical,Impressionism,A,NOT_TRANSLATED,SOURCE_CANDIDATE_ONLY
opentdb_0276,Open Trivia Database API,CC BY-SA 4.0,Art,easy,Which artist painted the late 15th century mural 'The Last Supper'?,Leonardo da Vinci,Piero della Francesca,Paolo Uccello,Luca Pacioli,A,NOT_TRANSLATED,SOURCE_CANDIDATE_ONLY
opentdb_0277,Open Trivia Database API,CC BY-SA 4.0,Art,easy,What is another name for La Gioconda / La Joconde?,The Mona Lisa,The Girl with a Pearl Earring,The Starry Night,Sunflowers,A,NOT_TRANSLATED,SOURCE_CANDIDATE_ONLY
opentdb_0278,Open Trivia Database API,CC BY-SA 4.0,Art,easy,Which painting was not made by Vincent Van Gogh?,The Ninth Wave,Café Terrace at Night,Bedroom In Arles,Starry Night,A,NOT_TRANSLATED,SOURCE_CANDIDATE_ONLY
opentdb_0279,Open Trivia Database API,CC BY-SA 4.0,Art,hard,What French sculptor designed the Statue of Liberty? ,Frédéric Auguste Bartholdi,Jean-Léon Gérôme,Auguste Rodin,Henri Matisse,A,NOT_TRANSLATED,SOURCE_CANDIDATE_ONLY
opentdb_0280,Open Trivia Database API,CC BY-SA 4.0,Art,hard,What was the first successful and commercially viable photographic technique?,The Daguerreotype,Collodion process,The Turin Shroud,Kodachrome film,A,NOT_TRANSLATED,SOURCE_CANDIDATE_ONLY
opentdb_0281,Open Trivia Database API,CC BY-SA 4.0,Art,medium,Which Greek sculptor designed the Athena Parthenos statue inside the Parthenon?,Phidias,Scopas,Hesiod,Praxiteles,A,NOT_TRANSLATED,SOURCE_CANDIDATE_ONLY
opentdb_0282,Open Trivia Database API,CC BY-SA 4.0,Art,hard,Which art movement was Pablo Picasso known for co-founding?,Cubism,Futurism,Expressionism,Impressionism,A,NOT_TRANSLATED,SOURCE_CANDIDATE_ONLY
opentdb_0283,Open Trivia Database API,CC BY-SA 4.0,Art,medium,What nationality was the surrealist painter Salvador Dali?,Spanish,Italian,French,Portuguese,A,NOT_TRANSLATED,SOURCE_CANDIDATE_ONLY
opentdb_0284,Open Trivia Database API,CC BY-SA 4.0,Art,hard,What was the major distinction between the English and French Gothic styles of architecture?,Fan vaulting,Pinnacles,Gargoyles,Hemispherical Domes,A,NOT_TRANSLATED,SOURCE_CANDIDATE_ONLY
opentdb_0285,Open Trivia Database API,CC BY-SA 4.0,Art,easy,Which artist is famous for cutting off his ear?,Vincent van Gogh,Salvador Dali,Rembrandt,Michelangelo,A,NOT_TRANSLATED,SOURCE_CANDIDATE_ONLY
opentdb_0286,Open Trivia Database API,CC BY-SA 4.0,Art,easy,Which Van Gogh painting depicts the view from his asylum in Saint-Rémy-de-Provence in southern France?,The Starry Night,Wheatfields with Crows,The Sower with Setting Sun,The Church at Auvers,A,NOT_TRANSLATED,SOURCE_CANDIDATE_ONLY
opentdb_0287,Open Trivia Database API,CC BY-SA 4.0,Art,easy, What color is produced by mixing black and white?,Grey,Black,Brown,White,A,NOT_TRANSLATED,SOURCE_CANDIDATE_ONLY
opentdb_0288,Open Trivia Database API,CC BY-SA 4.0,Art,easy,Who painted the Mona Lisa?,Leonardo da Vinci,Pablo Picasso,Claude Monet,Vincent van Gogh,A,NOT_TRANSLATED,SOURCE_CANDIDATE_ONLY
opentdb_0289,Open Trivia Database API,CC BY-SA 4.0,Art,easy,Who sculpted the statue of David?,Michelangelo,Gian Lorenzo Bernini,Auguste Rodin,Donatello,A,NOT_TRANSLATED,SOURCE_CANDIDATE_ONLY
opentdb_0290,Open Trivia Database API,CC BY-SA 4.0,Art,hard,Paul Gauguin moved to which country in 1895?,Tahiti,France,Atuona,Lithuania,A,NOT_TRANSLATED,SOURCE_CANDIDATE_ONLY
opentdb_0291,Open Trivia Database API,CC BY-SA 4.0,Art,medium,Who painted the epic mural Guernica?,Pablo Picasso,Francisco Goya,Leonardo da Vinci,Henri Matisse,A,NOT_TRANSLATED,SOURCE_CANDIDATE_ONLY
opentdb_0292,Open Trivia Database API,CC BY-SA 4.0,Art,easy,Who painted the biblical fresco The Creation of Adam?,Michelangelo,Leonardo da Vinci,Caravaggio,Rembrandt,A,NOT_TRANSLATED,SOURCE_CANDIDATE_ONLY
opentdb_0293,Open Trivia Database API,CC BY-SA 4.0,Art,medium,Which one of these paintings is not by Caspar David Friedrich?,The Black Sea,The Sea of Ice,Wanderer above the Sea of Fog,The Monk by the Sea,A,NOT_TRANSLATED,SOURCE_CANDIDATE_ONLY
opentdb_0294,Open Trivia Database API,CC BY-SA 4.0,Art,medium,Which artist's style was to use small different colored dots to create a picture?,Georges Seurat,Paul Cézanne,Vincent Van Gogh,Henri Rousseau,A,NOT_TRANSLATED,SOURCE_CANDIDATE_ONLY
opentdb_0295,Open Trivia Database API,CC BY-SA 4.0,Art,hard,"Who painted ""American Gothic""?",Grant Wood,Anita Malfatti,Pablo Picasso,Marc Chagall,A,NOT_TRANSLATED,SOURCE_CANDIDATE_ONLY
opentdb_0296,Open Trivia Database API,CC BY-SA 4.0,Art,medium,Which of these paintings did Johannes Vermeer not paint?,Bacchus,Girl with a Pearl Earring,The Milkmaid,The Lacemaker,A,NOT_TRANSLATED,SOURCE_CANDIDATE_ONLY
opentdb_0297,Open Trivia Database API,CC BY-SA 4.0,Art,hard,"The painting ""Guernica"" by Pablo Picasso expressed emotions of dread in response to which war?",Spanish Civil War,World War I,The Crimean War,Spanish-American War,A,NOT_TRANSLATED,SOURCE_CANDIDATE_ONLY
opentdb_0298,Open Trivia Database API,CC BY-SA 4.0,Art,easy,What is the name of the Japanese art of folding paper into decorative shapes and figures?,Origami,Sumi-e,Ukiyo-e,Haiku,A,NOT_TRANSLATED,SOURCE_CANDIDATE_ONLY
opentdb_0299,Open Trivia Database API,CC BY-SA 4.0,Art,easy,What is the world's oldest known piece of fiction?,Epic of Gilgamesh,Papyrus of Ani,Code of Hammurabi,Rosetta Stone,A,NOT_TRANSLATED,SOURCE_CANDIDATE_ONLY
opentdb_0300,Open Trivia Database API,CC BY-SA 4.0,Art,medium,Which time signature is commonly known as “Cut Time?”,2/2,4/4,6/8,3/4,A,NOT_TRANSLATED,SOURCE_CANDIDATE_ONLY
