issueFingerprint,checkId,severity,sourceId,sourceRole,gateIncluded,productionLike,sourcePath,sourceRow,sourceRecordId,runtimeId,canonicalId,prompt,options,rawCorrectValue,parsedCorrectIndex,parsedCorrectText,explanation,category,difficulty,parserName,parserRule,originalSourceLocated,runtimeReachable,duplicateSourceCount,crossSourceDifference,adjudication,confidence,evidence,factualVerificationNeeded,KurmanciEditorNeeded,recommendedAction,safeForAutomaticFix
27d902d96e62a114a13a1fcd88b06a3c,duplicate_option,blocker,active_import_ready,import_candidate,true,true,supabase/questions_import_ready.csv,2,offline_0001,offline_0001,"id:offline_0001|prompt:di kurmancî de peyva ""av"" bi tirkî çi ye","Di Kurmancî de peyva ""av"" bi Tirkî çi ye?",Su | ev | su | te,C,2,su,"""av"" kelimesi ""su"" anlamına gelir.",Ziman,1,csv,letter_A_to_D,true,import_active_not_runtime,2,none,confirmed_data_defect,high,options=Su | ev | su | te; duplicateForm=case_only_duplicate; rawCorrect=C; physicalCopies=2.,false,true,Select distinct distractors through human editorial review; no automatic replacement is safe.,false
994352186f948cf53f7cf3950f35d633,duplicate_option,blocker,active_import_ready,import_candidate,true,true,supabase/questions_import_ready.csv,4,offline_0003,offline_0003,"id:offline_0003|prompt:peyva ""av"" ""su"" anlamına gelir","Peyva ""av"" ""su"" anlamına gelir.",Rast | Şaş | - | -,A,0,Rast,"""av"" için doğru anlam ""su""tir.",Ziman,1,csv,letter_A_to_D,true,import_active_not_runtime,2,none,confirmed_data_defect,high,options=Rast | Şaş | - | -; duplicateForm=exact_duplicate; rawCorrect=A; physicalCopies=2.,false,true,Select distinct distractors through human editorial review; no automatic replacement is safe.,false
08de678ace764e94e7c7de3271ac3884,duplicate_option,blocker,active_import_ready,import_candidate,true,true,supabase/questions_import_ready.csv,5,offline_0004,offline_0004,"id:offline_0004|prompt:peyva ""av"" ""ateş"" anlamına gelir","Peyva ""av"" ""ateş"" anlamına gelir.",Rast | Şaş | - | -,B,1,Şaş,"""av"" ""su"" demektir; ""agir"" ise ""ateş"" anlamına gelir.",Ziman,1,csv,letter_A_to_D,true,import_active_not_runtime,2,none,confirmed_data_defect,high,options=Rast | Şaş | - | -; duplicateForm=exact_duplicate; rawCorrect=B; physicalCopies=2.,false,true,Select distinct distractors through human editorial review; no automatic replacement is safe.,false
b6e9a440df510df2a83b7d468cbf8764,duplicate_option,blocker,active_import_ready,import_candidate,true,true,supabase/questions_import_ready.csv,9,offline_0008,offline_0008,"id:offline_0008|prompt:peyva ""roj"" ""gün/güneş"" anlamına gelir","Peyva ""roj"" ""gün/güneş"" anlamına gelir.",Rast | Şaş | - | -,A,0,Rast,"""roj"" için doğru anlam ""gün/güneş""tir.",Ziman,2,csv,letter_A_to_D,true,import_active_not_runtime,2,none,confirmed_data_defect,high,options=Rast | Şaş | - | -; duplicateForm=exact_duplicate; rawCorrect=A; physicalCopies=2.,false,true,Select distinct distractors through human editorial review; no automatic replacement is safe.,false
13329a95109a26dd2b35b0bb20425100,duplicate_option,blocker,active_import_ready,import_candidate,true,true,supabase/questions_import_ready.csv,10,offline_0009,offline_0009,"id:offline_0009|prompt:peyva ""roj"" ""gece"" anlamına gelir","Peyva ""roj"" ""gece"" anlamına gelir.",Rast | Şaş | - | -,B,1,Şaş,"""roj"" ""gün/güneş"" demektir; ""şev"" ise ""gece"" anlamına gelir.",Ziman,2,csv,letter_A_to_D,true,import_active_not_runtime,2,none,confirmed_data_defect,high,options=Rast | Şaş | - | -; duplicateForm=exact_duplicate; rawCorrect=B; physicalCopies=2.,false,true,Select distinct distractors through human editorial review; no automatic replacement is safe.,false
1fd4063167c6f96e37ce9279196f0085,duplicate_option,blocker,active_import_ready,import_candidate,true,true,supabase/questions_import_ready.csv,14,offline_0013,offline_0013,"id:offline_0013|prompt:peyva ""mal"" ""ev"" anlamına gelir","Peyva ""mal"" ""ev"" anlamına gelir.",Rast | Şaş | - | -,A,0,Rast,"""mal"" için doğru anlam ""ev""tir.",Ziman,3,csv,letter_A_to_D,true,import_active_not_runtime,2,none,confirmed_data_defect,high,options=Rast | Şaş | - | -; duplicateForm=exact_duplicate; rawCorrect=A; physicalCopies=2.,false,true,Select distinct distractors through human editorial review; no automatic replacement is safe.,false
660e89ace4ead7fbc437ad703f260126,duplicate_option,blocker,active_import_ready,import_candidate,true,true,supabase/questions_import_ready.csv,15,offline_0014,offline_0014,"id:offline_0014|prompt:peyva ""mal"" ""okul"" anlamına gelir","Peyva ""mal"" ""okul"" anlamına gelir.",Rast | Şaş | - | -,B,1,Şaş,"""mal"" ""ev"" demektir; ""dibistan"" ise ""okul"" anlamına gelir.",Ziman,3,csv,letter_A_to_D,true,import_active_not_runtime,2,none,confirmed_data_defect,high,options=Rast | Şaş | - | -; duplicateForm=exact_duplicate; rawCorrect=B; physicalCopies=2.,false,true,Select distinct distractors through human editorial review; no automatic replacement is safe.,false
18e882034884c01484d46c7512085273,duplicate_option,blocker,active_import_ready,import_candidate,true,true,supabase/questions_import_ready.csv,18,offline_0017,offline_0017,"id:offline_0017|prompt:""kitap"" anlamına gelen kurmancî kelime hangisidir","""kitap"" anlamına gelen Kurmancî kelime hangisidir?",Gelmek | gelmek | pirtûk | kitap,C,2,pirtûk,"""kitap"" için doğru karşılık ""pirtûk""tir.",Ziman,4,csv,letter_A_to_D,true,import_active_not_runtime,2,none,confirmed_data_defect,high,options=Gelmek | gelmek | pirtûk | kitap; duplicateForm=case_only_duplicate; rawCorrect=C; physicalCopies=2.,false,true,Select distinct distractors through human editorial review; no automatic replacement is safe.,false
7d4d75debb9c79111a04cdcdf6c923b2,duplicate_option,blocker,active_import_ready,import_candidate,true,true,supabase/questions_import_ready.csv,19,offline_0018,offline_0018,"id:offline_0018|prompt:peyva ""pirtûk"" ""kitap"" anlamına gelir","Peyva ""pirtûk"" ""kitap"" anlamına gelir.",Rast | Şaş | - | -,A,0,Rast,"""pirtûk"" için doğru anlam ""kitap""tir.",Ziman,4,csv,letter_A_to_D,true,import_active_not_runtime,2,none,confirmed_data_defect,high,options=Rast | Şaş | - | -; duplicateForm=exact_duplicate; rawCorrect=A; physicalCopies=2.,false,true,Select distinct distractors through human editorial review; no automatic replacement is safe.,false
dfd4c2306edc8418d4f7eae6f75e6bf4,duplicate_option,blocker,active_import_ready,import_candidate,true,true,supabase/questions_import_ready.csv,20,offline_0019,offline_0019,"id:offline_0019|prompt:peyva ""pirtûk"" ""yazı"" anlamına gelir","Peyva ""pirtûk"" ""yazı"" anlamına gelir.",Rast | Şaş | - | -,B,1,Şaş,"""pirtûk"" ""kitap"" demektir; ""nivîs"" ise ""yazı"" anlamına gelir.",Ziman,4,csv,letter_A_to_D,true,import_active_not_runtime,2,none,confirmed_data_defect,high,options=Rast | Şaş | - | -; duplicateForm=exact_duplicate; rawCorrect=B; physicalCopies=2.,false,true,Select distinct distractors through human editorial review; no automatic replacement is safe.,false
6646d3bc36e08deefd272f8a905e2549,duplicate_option,blocker,active_import_ready,import_candidate,true,true,supabase/questions_import_ready.csv,24,offline_0023,offline_0023,"id:offline_0023|prompt:peyva ""zanîn"" ""bilmek"" anlamına gelir","Peyva ""zanîn"" ""bilmek"" anlamına gelir.",Rast | Şaş | - | -,A,0,Rast,"""zanîn"" için doğru anlam ""bilmek""tir.",Ziman,5,csv,letter_A_to_D,true,import_active_not_runtime,2,none,confirmed_data_defect,high,options=Rast | Şaş | - | -; duplicateForm=exact_duplicate; rawCorrect=A; physicalCopies=2.,false,true,Select distinct distractors through human editorial review; no automatic replacement is safe.,false
89818616c3509966a80e456e251c933d,duplicate_option,blocker,active_import_ready,import_candidate,true,true,supabase/questions_import_ready.csv,25,offline_0024,offline_0024,"id:offline_0024|prompt:peyva ""zanîn"" ""gitmek"" anlamına gelir","Peyva ""zanîn"" ""gitmek"" anlamına gelir.",Rast | Şaş | - | -,B,1,Şaş,"""zanîn"" ""bilmek"" demektir; ""çûn"" ise ""gitmek"" anlamına gelir.",Ziman,5,csv,letter_A_to_D,true,import_active_not_runtime,2,none,confirmed_data_defect,high,options=Rast | Şaş | - | -; duplicateForm=exact_duplicate; rawCorrect=B; physicalCopies=2.,false,true,Select distinct distractors through human editorial review; no automatic replacement is safe.,false
3f1749709e06a6102fc811482ee23845,duplicate_option,blocker,active_import_ready,import_candidate,true,true,supabase/questions_import_ready.csv,29,offline_0028,offline_0028,"id:offline_0028|prompt:peyva ""hatin"" ""gelmek"" anlamına gelir","Peyva ""hatin"" ""gelmek"" anlamına gelir.",Rast | Şaş | - | -,A,0,Rast,"""hatin"" için doğru anlam ""gelmek""tir.",Ziman,1,csv,letter_A_to_D,true,import_active_not_runtime,2,none,confirmed_data_defect,high,options=Rast | Şaş | - | -; duplicateForm=exact_duplicate; rawCorrect=A; physicalCopies=2.,false,true,Select distinct distractors through human editorial review; no automatic replacement is safe.,false
2a88d64cb3696990c7b63a9c44735bcd,duplicate_option,blocker,active_import_ready,import_candidate,true,true,supabase/questions_import_ready.csv,30,offline_0029,offline_0029,"id:offline_0029|prompt:peyva ""hatin"" ""okumak"" anlamına gelir","Peyva ""hatin"" ""okumak"" anlamına gelir.",Rast | Şaş | - | -,B,1,Şaş,"""hatin"" ""gelmek"" demektir; ""xwendin"" ise ""okumak"" anlamına gelir.",Ziman,1,csv,letter_A_to_D,true,import_active_not_runtime,2,none,confirmed_data_defect,high,options=Rast | Şaş | - | -; duplicateForm=exact_duplicate; rawCorrect=B; physicalCopies=2.,false,true,Select distinct distractors through human editorial review; no automatic replacement is safe.,false
03b41444cbd86a82218a0db96e391d9b,duplicate_option,blocker,active_import_ready,import_candidate,true,true,supabase/questions_import_ready.csv,34,offline_0033,offline_0033,"id:offline_0033|prompt:peyva ""çiya"" ""dağ"" anlamına gelir","Peyva ""çiya"" ""dağ"" anlamına gelir.",Rast | Şaş | - | -,A,0,Rast,"""çiya"" için doğru anlam ""dağ""tir.",Ziman,2,csv,letter_A_to_D,true,import_active_not_runtime,2,none,confirmed_data_defect,high,options=Rast | Şaş | - | -; duplicateForm=exact_duplicate; rawCorrect=A; physicalCopies=2.,false,true,Select distinct distractors through human editorial review; no automatic replacement is safe.,false
71d3d13db99bdf2d1193d8a06994fb6a,duplicate_option,blocker,active_import_ready,import_candidate,true,true,supabase/questions_import_ready.csv,35,offline_0034,offline_0034,"id:offline_0034|prompt:peyva ""çiya"" ""ova"" anlamına gelir","Peyva ""çiya"" ""ova"" anlamına gelir.",Rast | Şaş | - | -,B,1,Şaş,"""çiya"" ""dağ"" demektir; ""deşt"" ise ""ova"" anlamına gelir.",Ziman,2,csv,letter_A_to_D,true,import_active_not_runtime,2,none,confirmed_data_defect,high,options=Rast | Şaş | - | -; duplicateForm=exact_duplicate; rawCorrect=B; physicalCopies=2.,false,true,Select distinct distractors through human editorial review; no automatic replacement is safe.,false
3ba6f7019ebeb951259519db132b9e3c,duplicate_option,blocker,active_import_ready,import_candidate,true,true,supabase/questions_import_ready.csv,39,offline_0038,offline_0038,"id:offline_0038|prompt:peyva ""dil"" ""kalp/dil"" anlamına gelir","Peyva ""dil"" ""kalp/dil"" anlamına gelir.",Rast | Şaş | - | -,A,0,Rast,"""dil"" için doğru anlam ""kalp/dil""tir.",Ziman,3,csv,letter_A_to_D,true,import_active_not_runtime,2,none,confirmed_data_defect,high,options=Rast | Şaş | - | -; duplicateForm=exact_duplicate; rawCorrect=A; physicalCopies=2.,false,true,Select distinct distractors through human editorial review; no automatic replacement is safe.,false
a62b67f187e0f18921946cdb0c4bda0a,duplicate_option,blocker,active_import_ready,import_candidate,true,true,supabase/questions_import_ready.csv,40,offline_0039,offline_0039,"id:offline_0039|prompt:peyva ""dil"" ""el"" anlamına gelir","Peyva ""dil"" ""el"" anlamına gelir.",Rast | Şaş | - | -,B,1,Şaş,"""dil"" ""kalp/dil"" demektir; ""dest"" ise ""el"" anlamına gelir.",Ziman,3,csv,letter_A_to_D,true,import_active_not_runtime,2,none,confirmed_data_defect,high,options=Rast | Şaş | - | -; duplicateForm=exact_duplicate; rawCorrect=B; physicalCopies=2.,false,true,Select distinct distractors through human editorial review; no automatic replacement is safe.,false
ab801218473bcd78126bf7da3921c692,duplicate_option,blocker,active_import_ready,import_candidate,true,true,supabase/questions_import_ready.csv,44,offline_0043,offline_0043,"id:offline_0043|prompt:peyva ""heval"" ""arkadaş"" anlamına gelir","Peyva ""heval"" ""arkadaş"" anlamına gelir.",Rast | Şaş | - | -,A,0,Rast,"""heval"" için doğru anlam ""arkadaş""tir.",Ziman,4,csv,letter_A_to_D,true,import_active_not_runtime,2,none,confirmed_data_defect,high,options=Rast | Şaş | - | -; duplicateForm=exact_duplicate; rawCorrect=A; physicalCopies=2.,false,true,Select distinct distractors through human editorial review; no automatic replacement is safe.,false
9030af0872e16b50406d0ea0303d6437,duplicate_option,blocker,active_import_ready,import_candidate,true,true,supabase/questions_import_ready.csv,45,offline_0044,offline_0044,"id:offline_0044|prompt:peyva ""heval"" ""aile"" anlamına gelir","Peyva ""heval"" ""aile"" anlamına gelir.",Rast | Şaş | - | -,B,1,Şaş,"""heval"" ""arkadaş"" demektir; ""malbat"" ise ""aile"" anlamına gelir.",Ziman,4,csv,letter_A_to_D,true,import_active_not_runtime,2,none,confirmed_data_defect,high,options=Rast | Şaş | - | -; duplicateForm=exact_duplicate; rawCorrect=B; physicalCopies=2.,false,true,Select distinct distractors through human editorial review; no automatic replacement is safe.,false
216f2c81d7d15f9b6bc92ca2989eecbf,duplicate_option,blocker,active_import_ready,import_candidate,true,true,supabase/questions_import_ready.csv,49,offline_0048,offline_0048,"id:offline_0048|prompt:peyva ""bajar"" ""şehir"" anlamına gelir","Peyva ""bajar"" ""şehir"" anlamına gelir.",Rast | Şaş | - | -,A,0,Rast,"""bajar"" için doğru anlam ""şehir""tir.",Ziman,5,csv,letter_A_to_D,true,import_active_not_runtime,2,none,confirmed_data_defect,high,options=Rast | Şaş | - | -; duplicateForm=exact_duplicate; rawCorrect=A; physicalCopies=2.,false,true,Select distinct distractors through human editorial review; no automatic replacement is safe.,false
261f75fe86ddd2b14421581e4af5fcf3,duplicate_option,blocker,active_import_ready,import_candidate,true,true,supabase/questions_import_ready.csv,50,offline_0049,offline_0049,"id:offline_0049|prompt:peyva ""bajar"" ""köy"" anlamına gelir","Peyva ""bajar"" ""köy"" anlamına gelir.",Rast | Şaş | - | -,B,1,Şaş,"""bajar"" ""şehir"" demektir; ""gund"" ise ""köy"" anlamına gelir.",Ziman,5,csv,letter_A_to_D,true,import_active_not_runtime,2,none,confirmed_data_defect,high,options=Rast | Şaş | - | -; duplicateForm=exact_duplicate; rawCorrect=B; physicalCopies=2.,false,true,Select distinct distractors through human editorial review; no automatic replacement is safe.,false
3deb543bcf88478bbd8c59ab57e07eed,duplicate_option,blocker,active_import_ready,import_candidate,true,true,supabase/questions_import_ready.csv,54,offline_0053,offline_0053,"id:offline_0053|prompt:peyva ""nan"" ""ekmek"" anlamına gelir","Peyva ""nan"" ""ekmek"" anlamına gelir.",Rast | Şaş | - | -,A,0,Rast,"""nan"" için doğru anlam ""ekmek""tir.",Ziman,1,csv,letter_A_to_D,true,import_active_not_runtime,2,none,confirmed_data_defect,high,options=Rast | Şaş | - | -; duplicateForm=exact_duplicate; rawCorrect=A; physicalCopies=2.,false,true,Select distinct distractors through human editorial review; no automatic replacement is safe.,false
48c2f1c9a9984a5bafc58e5d9ddede0b,duplicate_option,blocker,active_import_ready,import_candidate,true,true,supabase/questions_import_ready.csv,55,offline_0054,offline_0054,"id:offline_0054|prompt:peyva ""nan"" ""süt"" anlamına gelir","Peyva ""nan"" ""süt"" anlamına gelir.",Rast | Şaş | - | -,B,1,Şaş,"""nan"" ""ekmek"" demektir; ""şîr"" ise ""süt"" anlamına gelir.",Ziman,1,csv,letter_A_to_D,true,import_active_not_runtime,2,none,confirmed_data_defect,high,options=Rast | Şaş | - | -; duplicateForm=exact_duplicate; rawCorrect=B; physicalCopies=2.,false,true,Select distinct distractors through human editorial review; no automatic replacement is safe.,false
cd388b7d450c126fd7c7c6a64060347a,duplicate_option,blocker,active_import_ready,import_candidate,true,true,supabase/questions_import_ready.csv,59,offline_0058,offline_0058,"id:offline_0058|prompt:peyva ""rê"" ""yol"" anlamına gelir","Peyva ""rê"" ""yol"" anlamına gelir.",Rast | Şaş | - | -,A,0,Rast,"""rê"" için doğru anlam ""yol""tir.",Ziman,2,csv,letter_A_to_D,true,import_active_not_runtime,2,none,confirmed_data_defect,high,options=Rast | Şaş | - | -; duplicateForm=exact_duplicate; rawCorrect=A; physicalCopies=2.,false,true,Select distinct distractors through human editorial review; no automatic replacement is safe.,false
3752ee577ff4493b7c4903a1e91c334b,duplicate_option,blocker,active_import_ready,import_candidate,true,true,supabase/questions_import_ready.csv,60,offline_0059,offline_0059,"id:offline_0059|prompt:peyva ""rê"" ""kapı"" anlamına gelir","Peyva ""rê"" ""kapı"" anlamına gelir.",Rast | Şaş | - | -,B,1,Şaş,"""rê"" ""yol"" demektir; ""derî"" ise ""kapı"" anlamına gelir.",Ziman,2,csv,letter_A_to_D,true,import_active_not_runtime,2,none,confirmed_data_defect,high,options=Rast | Şaş | - | -; duplicateForm=exact_duplicate; rawCorrect=B; physicalCopies=2.,false,true,Select distinct distractors through human editorial review; no automatic replacement is safe.,false
ef8c458163c557185e24de7e42cf4f56,duplicate_option,blocker,active_import_ready,import_candidate,true,true,supabase/questions_import_ready.csv,64,offline_0063,offline_0063,"id:offline_0063|prompt:peyva ""spas"" ""teşekkür"" anlamına gelir","Peyva ""spas"" ""teşekkür"" anlamına gelir.",Rast | Şaş | - | -,A,0,Rast,"""spas"" için doğru anlam ""teşekkür""tir.",Ziman,3,csv,letter_A_to_D,true,import_active_not_runtime,2,none,confirmed_data_defect,high,options=Rast | Şaş | - | -; duplicateForm=exact_duplicate; rawCorrect=A; physicalCopies=2.,false,true,Select distinct distractors through human editorial review; no automatic replacement is safe.,false
2b7d91b7755080b8cdd273fd39af9bd7,duplicate_option,blocker,active_import_ready,import_candidate,true,true,supabase/questions_import_ready.csv,65,offline_0064,offline_0064,"id:offline_0064|prompt:peyva ""spas"" ""selam"" anlamına gelir","Peyva ""spas"" ""selam"" anlamına gelir.",Rast | Şaş | - | -,B,1,Şaş,"""spas"" ""teşekkür"" demektir; ""silav"" ise ""selam"" anlamına gelir.",Ziman,3,csv,letter_A_to_D,true,import_active_not_runtime,2,none,confirmed_data_defect,high,options=Rast | Şaş | - | -; duplicateForm=exact_duplicate; rawCorrect=B; physicalCopies=2.,false,true,Select distinct distractors through human editorial review; no automatic replacement is safe.,false
2b79d568cc8e8a8205397c91091d98c5,duplicate_option,blocker,active_import_ready,import_candidate,true,true,supabase/questions_import_ready.csv,69,offline_0068,offline_0068,"id:offline_0068|prompt:peyva ""xweş"" ""güzel/iyi"" anlamına gelir","Peyva ""xweş"" ""güzel/iyi"" anlamına gelir.",Rast | Şaş | - | -,A,0,Rast,"""xweş"" için doğru anlam ""güzel/iyi""tir.",Ziman,4,csv,letter_A_to_D,true,import_active_not_runtime,2,none,confirmed_data_defect,high,options=Rast | Şaş | - | -; duplicateForm=exact_duplicate; rawCorrect=A; physicalCopies=2.,false,true,Select distinct distractors through human editorial review; no automatic replacement is safe.,false
6e89da8365b4bd31e905b00c33db619a,duplicate_option,blocker,active_import_ready,import_candidate,true,true,supabase/questions_import_ready.csv,70,offline_0069,offline_0069,"id:offline_0069|prompt:peyva ""xweş"" ""sıcak"" anlamına gelir","Peyva ""xweş"" ""sıcak"" anlamına gelir.",Rast | Şaş | - | -,B,1,Şaş,"""xweş"" ""güzel/iyi"" demektir; ""germ"" ise ""sıcak"" anlamına gelir.",Ziman,4,csv,letter_A_to_D,true,import_active_not_runtime,2,none,confirmed_data_defect,high,options=Rast | Şaş | - | -; duplicateForm=exact_duplicate; rawCorrect=B; physicalCopies=2.,false,true,Select distinct distractors through human editorial review; no automatic replacement is safe.,false
102697aa6083f668a6b3e0d0e72008e2,duplicate_option,blocker,active_import_ready,import_candidate,true,true,supabase/questions_import_ready.csv,74,offline_0073,offline_0073,"id:offline_0073|prompt:peyva ""sar"" ""soğuk"" anlamına gelir","Peyva ""sar"" ""soğuk"" anlamına gelir.",Rast | Şaş | - | -,A,0,Rast,"""sar"" için doğru anlam ""soğuk""tir.",Ziman,5,csv,letter_A_to_D,true,import_active_not_runtime,2,none,confirmed_data_defect,high,options=Rast | Şaş | - | -; duplicateForm=exact_duplicate; rawCorrect=A; physicalCopies=2.,false,true,Select distinct distractors through human editorial review; no automatic replacement is safe.,false
f1085e4131bb7e4c227daa7d5058b326,duplicate_option,blocker,active_import_ready,import_candidate,true,true,supabase/questions_import_ready.csv,75,offline_0074,offline_0074,"id:offline_0074|prompt:peyva ""sar"" ""büyük"" anlamına gelir","Peyva ""sar"" ""büyük"" anlamına gelir.",Rast | Şaş | - | -,B,1,Şaş,"""sar"" ""soğuk"" demektir; ""mezin"" ise ""büyük"" anlamına gelir.",Ziman,5,csv,letter_A_to_D,true,import_active_not_runtime,2,none,confirmed_data_defect,high,options=Rast | Şaş | - | -; duplicateForm=exact_duplicate; rawCorrect=B; physicalCopies=2.,false,true,Select distinct distractors through human editorial review; no automatic replacement is safe.,false
4d5e476d8b5a78d243eede26896bdabe,duplicate_option,blocker,active_import_ready,import_candidate,true,true,supabase/questions_import_ready.csv,79,offline_0078,offline_0078,"id:offline_0078|prompt:peyva ""biçûk"" ""küçük"" anlamına gelir","Peyva ""biçûk"" ""küçük"" anlamına gelir.",Rast | Şaş | - | -,A,0,Rast,"""biçûk"" için doğru anlam ""küçük""tir.",Ziman,1,csv,letter_A_to_D,true,import_active_not_runtime,2,none,confirmed_data_defect,high,options=Rast | Şaş | - | -; duplicateForm=exact_duplicate; rawCorrect=A; physicalCopies=2.,false,true,Select distinct distractors through human editorial review; no automatic replacement is safe.,false
f0ec29f3fe586122a18c5bd11de9af85,duplicate_option,blocker,active_import_ready,import_candidate,true,true,supabase/questions_import_ready.csv,80,offline_0079,offline_0079,"id:offline_0079|prompt:peyva ""biçûk"" ""yeni"" anlamına gelir","Peyva ""biçûk"" ""yeni"" anlamına gelir.",Rast | Şaş | - | -,B,1,Şaş,"""biçûk"" ""küçük"" demektir; ""nû"" ise ""yeni"" anlamına gelir.",Ziman,1,csv,letter_A_to_D,true,import_active_not_runtime,2,none,confirmed_data_defect,high,options=Rast | Şaş | - | -; duplicateForm=exact_duplicate; rawCorrect=B; physicalCopies=2.,false,true,Select distinct distractors through human editorial review; no automatic replacement is safe.,false
12097d638454cb3d3030adc623e7b792,duplicate_option,blocker,active_import_ready,import_candidate,true,true,supabase/questions_import_ready.csv,84,offline_0083,offline_0083,"id:offline_0083|prompt:peyva ""kevin"" ""eski"" anlamına gelir","Peyva ""kevin"" ""eski"" anlamına gelir.",Rast | Şaş | - | -,A,0,Rast,"""kevin"" için doğru anlam ""eski""tir.",Ziman,2,csv,letter_A_to_D,true,import_active_not_runtime,2,none,confirmed_data_defect,high,options=Rast | Şaş | - | -; duplicateForm=exact_duplicate; rawCorrect=A; physicalCopies=2.,false,true,Select distinct distractors through human editorial review; no automatic replacement is safe.,false
0f7e8ee4bf3475ffce820d7503321493,duplicate_option,blocker,active_import_ready,import_candidate,true,true,supabase/questions_import_ready.csv,85,offline_0084,offline_0084,"id:offline_0084|prompt:peyva ""kevin"" ""erken"" anlamına gelir","Peyva ""kevin"" ""erken"" anlamına gelir.",Rast | Şaş | - | -,B,1,Şaş,"""kevin"" ""eski"" demektir; ""zû"" ise ""erken"" anlamına gelir.",Ziman,2,csv,letter_A_to_D,true,import_active_not_runtime,2,none,confirmed_data_defect,high,options=Rast | Şaş | - | -; duplicateForm=exact_duplicate; rawCorrect=B; physicalCopies=2.,false,true,Select distinct distractors through human editorial review; no automatic replacement is safe.,false
2bfd3a89705c5a16818ca950db373874,duplicate_option,blocker,active_import_ready,import_candidate,true,true,supabase/questions_import_ready.csv,89,offline_0088,offline_0088,"id:offline_0088|prompt:peyva ""îro"" ""bugün"" anlamına gelir","Peyva ""îro"" ""bugün"" anlamına gelir.",Rast | Şaş | - | -,A,0,Rast,"""îro"" için doğru anlam ""bugün""tir.",Ziman,3,csv,letter_A_to_D,true,import_active_not_runtime,2,none,confirmed_data_defect,high,options=Rast | Şaş | - | -; duplicateForm=exact_duplicate; rawCorrect=A; physicalCopies=2.,false,true,Select distinct distractors through human editorial review; no automatic replacement is safe.,false
bfc1f1c5ddf20cff46afdc3d4164fcf5,duplicate_option,blocker,active_import_ready,import_candidate,true,true,supabase/questions_import_ready.csv,90,offline_0089,offline_0089,"id:offline_0089|prompt:peyva ""îro"" ""yarın"" anlamına gelir","Peyva ""îro"" ""yarın"" anlamına gelir.",Rast | Şaş | - | -,B,1,Şaş,"""îro"" ""bugün"" demektir; ""sibê"" ise ""yarın"" anlamına gelir.",Ziman,3,csv,letter_A_to_D,true,import_active_not_runtime,2,none,confirmed_data_defect,high,options=Rast | Şaş | - | -; duplicateForm=exact_duplicate; rawCorrect=B; physicalCopies=2.,false,true,Select distinct distractors through human editorial review; no automatic replacement is safe.,false
9fad097dc80f479fb4a1a0c171f60a2f,duplicate_option,blocker,active_import_ready,import_candidate,true,true,supabase/questions_import_ready.csv,94,offline_0093,offline_0093,"id:offline_0093|prompt:peyva ""duh"" ""dün"" anlamına gelir","Peyva ""duh"" ""dün"" anlamına gelir.",Rast | Şaş | - | -,A,0,Rast,"""duh"" için doğru anlam ""dün""tir.",Ziman,4,csv,letter_A_to_D,true,import_active_not_runtime,2,none,confirmed_data_defect,high,options=Rast | Şaş | - | -; duplicateForm=exact_duplicate; rawCorrect=A; physicalCopies=2.,false,true,Select distinct distractors through human editorial review; no automatic replacement is safe.,false
3da1bcf121380cc6de46a5b592e8d8cc,duplicate_option,blocker,active_import_ready,import_candidate,true,true,supabase/questions_import_ready.csv,95,offline_0094,offline_0094,"id:offline_0094|prompt:peyva ""duh"" ""zaman"" anlamına gelir","Peyva ""duh"" ""zaman"" anlamına gelir.",Rast | Şaş | - | -,B,1,Şaş,"""duh"" ""dün"" demektir; ""dem"" ise ""zaman"" anlamına gelir.",Ziman,4,csv,letter_A_to_D,true,import_active_not_runtime,2,none,confirmed_data_defect,high,options=Rast | Şaş | - | -; duplicateForm=exact_duplicate; rawCorrect=B; physicalCopies=2.,false,true,Select distinct distractors through human editorial review; no automatic replacement is safe.,false
56f6a4cee622d021f1ed4c1ca4748ab5,duplicate_option,blocker,active_import_ready,import_candidate,true,true,supabase/questions_import_ready.csv,99,offline_0098,offline_0098,"id:offline_0098|prompt:peyva ""nav"" ""ad/isim"" anlamına gelir","Peyva ""nav"" ""ad/isim"" anlamına gelir.",Rast | Şaş | - | -,A,0,Rast,"""nav"" için doğru anlam ""ad/isim""tir.",Ziman,5,csv,letter_A_to_D,true,import_active_not_runtime,2,none,confirmed_data_defect,high,options=Rast | Şaş | - | -; duplicateForm=exact_duplicate; rawCorrect=A; physicalCopies=2.,false,true,Select distinct distractors through human editorial review; no automatic replacement is safe.,false
295fb4a247154ec83787c7a742973c18,duplicate_option,blocker,active_import_ready,import_candidate,true,true,supabase/questions_import_ready.csv,100,offline_0099,offline_0099,"id:offline_0099|prompt:peyva ""nav"" ""söz"" anlamına gelir","Peyva ""nav"" ""söz"" anlamına gelir.",Rast | Şaş | - | -,B,1,Şaş,"""nav"" ""ad/isim"" demektir; ""peyiv"" ise ""söz"" anlamına gelir.",Ziman,5,csv,letter_A_to_D,true,import_active_not_runtime,2,none,confirmed_data_defect,high,options=Rast | Şaş | - | -; duplicateForm=exact_duplicate; rawCorrect=B; physicalCopies=2.,false,true,Select distinct distractors through human editorial review; no automatic replacement is safe.,false
62f149f86a8254c00cb3e9f9cf8ee044,duplicate_option,blocker,active_import_ready,import_candidate,true,true,supabase/questions_import_ready.csv,104,offline_0103,offline_0103,"id:offline_0103|prompt:peyva ""zarok"" ""çocuk"" anlamına gelir","Peyva ""zarok"" ""çocuk"" anlamına gelir.",Rast | Şaş | - | -,A,0,Rast,"""zarok"" için doğru anlam ""çocuk""tir.",Ziman,1,csv,letter_A_to_D,true,import_active_not_runtime,2,none,confirmed_data_defect,high,options=Rast | Şaş | - | -; duplicateForm=exact_duplicate; rawCorrect=A; physicalCopies=2.,false,true,Select distinct distractors through human editorial review; no automatic replacement is safe.,false
91c067599ecc085c78c5e26e64ce0ec7,duplicate_option,blocker,active_import_ready,import_candidate,true,true,supabase/questions_import_ready.csv,105,offline_0104,offline_0104,"id:offline_0104|prompt:peyva ""zarok"" ""öğretmen"" anlamına gelir","Peyva ""zarok"" ""öğretmen"" anlamına gelir.",Rast | Şaş | - | -,B,1,Şaş,"""zarok"" ""çocuk"" demektir; ""mamoste"" ise ""öğretmen"" anlamına gelir.",Ziman,1,csv,letter_A_to_D,true,import_active_not_runtime,2,none,confirmed_data_defect,high,options=Rast | Şaş | - | -; duplicateForm=exact_duplicate; rawCorrect=B; physicalCopies=2.,false,true,Select distinct distractors through human editorial review; no automatic replacement is safe.,false
363ae39f7d81af26c01de35396c81a34,duplicate_option,blocker,active_import_ready,import_candidate,true,true,supabase/questions_import_ready.csv,109,offline_0108,offline_0108,"id:offline_0108|prompt:peyva ""xwendekar"" ""öğrenci"" anlamına gelir","Peyva ""xwendekar"" ""öğrenci"" anlamına gelir.",Rast | Şaş | - | -,A,0,Rast,"""xwendekar"" için doğru anlam ""öğrenci""tir.",Ziman,2,csv,letter_A_to_D,true,import_active_not_runtime,2,none,confirmed_data_defect,high,options=Rast | Şaş | - | -; duplicateForm=exact_duplicate; rawCorrect=A; physicalCopies=2.,false,true,Select distinct distractors through human editorial review; no automatic replacement is safe.,false
f64a3c61f43badb08027e968b25a0867,duplicate_option,blocker,active_import_ready,import_candidate,true,true,supabase/questions_import_ready.csv,110,offline_0109,offline_0109,"id:offline_0109|prompt:peyva ""xwendekar"" ""grup"" anlamına gelir","Peyva ""xwendekar"" ""grup"" anlamına gelir.",Rast | Şaş | - | -,B,1,Şaş,"""xwendekar"" ""öğrenci"" demektir; ""kom"" ise ""grup"" anlamına gelir.",Ziman,2,csv,letter_A_to_D,true,import_active_not_runtime,2,none,confirmed_data_defect,high,options=Rast | Şaş | - | -; duplicateForm=exact_duplicate; rawCorrect=B; physicalCopies=2.,false,true,Select distinct distractors through human editorial review; no automatic replacement is safe.,false
83056d6e0fad7de50be9287903617914,duplicate_option,blocker,active_import_ready,import_candidate,true,true,supabase/questions_import_ready.csv,114,offline_0113,offline_0113,"id:offline_0113|prompt:peyva ""rast"" ""doğru"" anlamına gelir","Peyva ""rast"" ""doğru"" anlamına gelir.",Rast | Şaş | - | -,A,0,Rast,"""rast"" için doğru anlam ""doğru""tir.",Ziman,3,csv,letter_A_to_D,true,import_active_not_runtime,2,none,confirmed_data_defect,high,options=Rast | Şaş | - | -; duplicateForm=exact_duplicate; rawCorrect=A; physicalCopies=2.,false,true,Select distinct distractors through human editorial review; no automatic replacement is safe.,false
4f18c3ec53d64a76f849faf59e6de4aa,duplicate_option,blocker,active_import_ready,import_candidate,true,true,supabase/questions_import_ready.csv,115,offline_0114,offline_0114,"id:offline_0114|prompt:peyva ""rast"" ""yanlış"" anlamına gelir","Peyva ""rast"" ""yanlış"" anlamına gelir.",Rast | Şaş | - | -,B,1,Şaş,"""rast"" ""doğru"" demektir; ""şaş"" ise ""yanlış"" anlamına gelir.",Ziman,3,csv,letter_A_to_D,true,import_active_not_runtime,2,none,confirmed_data_defect,high,options=Rast | Şaş | - | -; duplicateForm=exact_duplicate; rawCorrect=B; physicalCopies=2.,false,true,Select distinct distractors through human editorial review; no automatic replacement is safe.,false
93d4ed38bad1f998bacd5bf97fe53428,duplicate_option,blocker,active_import_ready,import_candidate,true,true,supabase/questions_import_ready.csv,119,offline_0118,offline_0118,"id:offline_0118|prompt:peyva ""pir"" ""çok"" anlamına gelir","Peyva ""pir"" ""çok"" anlamına gelir.",Rast | Şaş | - | -,A,0,Rast,"""pir"" için doğru anlam ""çok""tir.",Ziman,4,csv,letter_A_to_D,true,import_active_not_runtime,2,none,confirmed_data_defect,high,options=Rast | Şaş | - | -; duplicateForm=exact_duplicate; rawCorrect=A; physicalCopies=2.,false,true,Select distinct distractors through human editorial review; no automatic replacement is safe.,false
60114d17229d26d03a5ca4e60b03cd97,duplicate_option,blocker,active_import_ready,import_candidate,true,true,supabase/questions_import_ready.csv,120,offline_0119,offline_0119,"id:offline_0119|prompt:peyva ""pir"" ""az"" anlamına gelir","Peyva ""pir"" ""az"" anlamına gelir.",Rast | Şaş | - | -,B,1,Şaş,"""pir"" ""çok"" demektir; ""kêm"" ise ""az"" anlamına gelir.",Ziman,4,csv,letter_A_to_D,true,import_active_not_runtime,2,none,confirmed_data_defect,high,options=Rast | Şaş | - | -; duplicateForm=exact_duplicate; rawCorrect=B; physicalCopies=2.,false,true,Select distinct distractors through human editorial review; no automatic replacement is safe.,false
df557e2ef97bb89ffaf98b50adeb554d,duplicate_option,blocker,active_import_ready,import_candidate,true,true,supabase/questions_import_ready.csv,124,offline_0123,offline_0123,"id:offline_0123|prompt:peyva ""destpêk"" ""başlangıç"" anlamına gelir","Peyva ""destpêk"" ""başlangıç"" anlamına gelir.",Rast | Şaş | - | -,A,0,Rast,"""destpêk"" için doğru anlam ""başlangıç""tir.",Ziman,5,csv,letter_A_to_D,true,import_active_not_runtime,2,none,confirmed_data_defect,high,options=Rast | Şaş | - | -; duplicateForm=exact_duplicate; rawCorrect=A; physicalCopies=2.,false,true,Select distinct distractors through human editorial review; no automatic replacement is safe.,false
53c1250134afc0845a4275fc347bf6e8,duplicate_option,blocker,active_import_ready,import_candidate,true,true,supabase/questions_import_ready.csv,125,offline_0124,offline_0124,"id:offline_0124|prompt:peyva ""destpêk"" ""son"" anlamına gelir","Peyva ""destpêk"" ""son"" anlamına gelir.",Rast | Şaş | - | -,B,1,Şaş,"""destpêk"" ""başlangıç"" demektir; ""dawî"" ise ""son"" anlamına gelir.",Ziman,5,csv,letter_A_to_D,true,import_active_not_runtime,2,none,confirmed_data_defect,high,options=Rast | Şaş | - | -; duplicateForm=exact_duplicate; rawCorrect=B; physicalCopies=2.,false,true,Select distinct distractors through human editorial review; no automatic replacement is safe.,false
58f1cc422d48e9c2e35ece888c6e0d14,duplicate_option,blocker,active_import_ready,import_candidate,true,true,supabase/questions_import_ready.csv,132,offline_2006,offline_2006,"id:offline_2006|prompt:peyva ""şev"" bi tirkî ""gece"" ye","Peyva ""şev"" bi Tirkî ""gece"" ye.",Rast | Şaş | - | -,A,0,Rast,"""şev"" gece demektir; gündüz ise ""roj""tur.",Ziman,1,csv,letter_A_to_D,true,import_active_not_runtime,2,none,confirmed_data_defect,high,options=Rast | Şaş | - | -; duplicateForm=exact_duplicate; rawCorrect=A; physicalCopies=2.,false,true,Select distinct distractors through human editorial review; no automatic replacement is safe.,false
f279942d698600483f79bf3b1c097a5f,duplicate_option,blocker,active_import_ready,import_candidate,true,true,supabase/questions_import_ready.csv,140,offline_2014,offline_2014,"id:offline_2014|prompt:cînavka ""em"" bi tirkî ""biz"" e","Cînavka ""em"" bi Tirkî ""biz"" e.",Rast | Şaş | - | -,A,0,Rast,"""em"" birinci çoğul kişi zamiridir: biz.",Ziman,2,csv,letter_A_to_D,true,import_active_not_runtime,2,none,confirmed_data_defect,high,options=Rast | Şaş | - | -; duplicateForm=exact_duplicate; rawCorrect=A; physicalCopies=2.,false,true,Select distinct distractors through human editorial review; no automatic replacement is safe.,false
823aa849218d81664d1ae37012dd3b47,duplicate_option,blocker,active_import_ready,import_candidate,true,true,supabase/questions_import_ready.csv,147,offline_2021,offline_2021,"id:offline_2021|prompt:""bihar"" bi tirkî ""sonbahar"" e","""Bihar"" bi Tirkî ""sonbahar"" e.",Rast | Şaş | - | -,B,1,Şaş,"""bihar"" ilkbahardır; sonbahar ""payîz""dir.",Ziman,2,csv,letter_A_to_D,true,import_active_not_runtime,2,none,confirmed_data_defect,high,options=Rast | Şaş | - | -; duplicateForm=exact_duplicate; rawCorrect=B; physicalCopies=2.,false,true,Select distinct distractors through human editorial review; no automatic replacement is safe.,false
aab10df8876373a3304653b2a0924681,duplicate_option,blocker,active_import_ready,import_candidate,true,true,supabase/questions_import_ready.csv,155,offline_2029,offline_2029,"id:offline_2029|prompt:""ez ê biçim"" dema bê (gelecek zaman) e","""Ez ê biçim"" dema bê (gelecek zaman) e.",Rast | Şaş | - | -,A,0,Rast,"""ê + b-"" kalıbı gelecek zamanı kurar: ez ê biçim = gideceğim.",Ziman,3,csv,letter_A_to_D,true,import_active_not_runtime,2,none,confirmed_data_defect,high,options=Rast | Şaş | - | -; duplicateForm=exact_duplicate; rawCorrect=A; physicalCopies=2.,false,true,Select distinct distractors through human editorial review; no automatic replacement is safe.,false
842aa3a869410cb4546be3149105f4e8,duplicate_option,blocker,active_import_ready,import_candidate,true,true,supabase/questions_import_ready.csv,168,offline_2042,offline_2042,"id:offline_2042|prompt:tîpên ""e"" û ""ê"" di kurmancî de heman deng in","Tîpên ""e"" û ""ê"" di Kurmancî de heman deng in.",Rast | Şaş | - | -,B,1,Şaş,"""e"" kısa, ""ê"" ise kapalı uzun bir ünlüdür; farklı seslerdir.",Ziman,3,csv,letter_A_to_D,true,import_active_not_runtime,3,none,confirmed_data_defect,high,options=Rast | Şaş | - | -; duplicateForm=exact_duplicate; rawCorrect=B; physicalCopies=3.,false,true,Select distinct distractors through human editorial review; no automatic replacement is safe.,false
e2537d4832b8ad6db3059d3a12bc37bb,duplicate_option,blocker,active_import_ready,import_candidate,true,true,supabase/questions_import_ready.csv,169,offline_2043,offline_2043,id:offline_2043|prompt:alfabeya kurmancî ya latînî ji 31 tîpan pêk tê,Alfabeya Kurmancî ya Latînî ji 31 tîpan pêk tê.,Rast | Şaş | - | -,A,0,Rast,Celadet Alî Bedirxan'ın düzenlediği Latin alfabesi 31 harftir.,Ziman,4,csv,letter_A_to_D,true,import_active_not_runtime,2,none,confirmed_data_defect,high,options=Rast | Şaş | - | -; duplicateForm=exact_duplicate; rawCorrect=A; physicalCopies=2.,false,true,Select distinct distractors through human editorial review; no automatic replacement is safe.,false
a6bf5e7fd7f3b4ca7077b05fc17e746b,answer_leak,critical,offline_runtime_bank,runtime_primary,true,true,lib/src/data/offline_question_bank.dart,396,offline_0379,offline_0379,id:offline_0379|prompt:'newroz' görseli çand içinde hangi kategoriye girer,'Newroz' görseli Çand içinde hangi kategoriye girer?,Çand | Cografya | Ziman | Muzîk,Çand,0,Çand,Newroz Kürt kültürü kategorisinde ele alınır.,Çand,1,dart_quiz_question,exact_option_text,true,runtime_active,1,none,confirmed_data_defect,high,prompt='Newroz' görseli Çand içinde hangi kategoriye girer?; correct=Çand; rawCorrect=Çand; standalone normalized match was reviewed against context; physicalCopies=1.,false,true,Human editor should rewrite the prompt or replace the distractor set in a separately approved data-fix branch.,false
a9a3e8fb4c79eba91ba32188bc754cff,answer_leak,critical,offline_runtime_bank,runtime_primary,true,true,lib/src/data/offline_question_bank.dart,494,offline_0409,offline_0409,id:offline_0409|prompt:bu görseldeki 'ağıt' çand bağlamında nereye yakındır,Bu görseldeki 'ağıt' Çand bağlamında nereye yakındır?,Çand | Cografya | Ziman | Muzîk,Çand,0,Çand,ağıt Kürt kültürü kategorisinde ele alınır.,Çand,3,dart_quiz_question,exact_option_text,true,runtime_active,1,none,confirmed_data_defect,high,prompt=Bu görseldeki 'ağıt' Çand bağlamında nereye yakındır?; correct=Çand; rawCorrect=Çand; standalone normalized match was reviewed against context; physicalCopies=1.,false,true,Human editor should rewrite the prompt or replace the distractor set in a separately approved data-fix branch.,false
d7366abb7afbd7b3bab1af615be4ec3d,answer_leak,critical,offline_runtime_bank,runtime_primary,true,true,lib/src/data/offline_question_bank.dart,593,offline_0533,offline_0533,id:offline_0533|prompt:bu görseldeki 'sözlü tarih' dîrok bağlamında nereye yakındır,Bu görseldeki 'sözlü tarih' Dîrok bağlamında nereye yakındır?,Dîrok | Muzîk | Spor | Kimya,Dîrok,0,Dîrok,sözlü tarih Kürt ve Kürdistan tarihi kategorisindeki kavramlardan biridir.,Dîrok,2,dart_quiz_question,exact_option_text,true,runtime_active,1,none,confirmed_data_defect,high,prompt=Bu görseldeki 'sözlü tarih' Dîrok bağlamında nereye yakındır?; correct=Dîrok; rawCorrect=Dîrok; standalone normalized match was reviewed against context; physicalCopies=1.,false,true,Human editor should rewrite the prompt or replace the distractor set in a separately approved data-fix branch.,false
70ade47b252fc54eb562039ca6df91e7,answer_leak,critical,offline_runtime_bank,runtime_primary,true,true,lib/src/data/offline_question_bank.dart,634,offline_0541,offline_0541,id:offline_0541|prompt:'arkeoloji' görseli dîrok içinde hangi kategoriye girer,'arkeoloji' görseli Dîrok içinde hangi kategoriye girer?,Dîrok | Muzîk | Spor | Kimya,Dîrok,0,Dîrok,arkeoloji Kürt ve Kürdistan tarihi kategorisindeki kavramlardan biridir.,Dîrok,4,dart_quiz_question,exact_option_text,true,runtime_active,1,none,confirmed_data_defect,high,prompt='arkeoloji' görseli Dîrok içinde hangi kategoriye girer?; correct=Dîrok; rawCorrect=Dîrok; standalone normalized match was reviewed against context; physicalCopies=1.,false,true,Human editor should rewrite the prompt or replace the distractor set in a separately approved data-fix branch.,false
df5f576bc1e94a8ac1f4a28fe70e2724,answer_leak,critical,offline_runtime_bank,runtime_primary,true,true,lib/src/data/offline_question_bank.dart,703,offline_0553,offline_0553,id:offline_0553|prompt:'yerleşik yaşam' görseli dîrok içinde hangi kategoriye girer,'yerleşik yaşam' görseli Dîrok içinde hangi kategoriye girer?,Dîrok | Muzîk | Spor | Kimya,Dîrok,0,Dîrok,yerleşik yaşam Kürt ve Kürdistan tarihi kategorisindeki kavramlardan biridir.,Dîrok,2,dart_quiz_question,exact_option_text,true,runtime_active,1,none,confirmed_data_defect,high,prompt='yerleşik yaşam' görseli Dîrok içinde hangi kategoriye girer?; correct=Dîrok; rawCorrect=Dîrok; standalone normalized match was reviewed against context; physicalCopies=1.,false,true,Human editor should rewrite the prompt or replace the distractor set in a separately approved data-fix branch.,false
755befe5540b36d8e36927d5b6eb2e0a,answer_leak,critical,offline_runtime_bank,runtime_primary,true,true,lib/src/data/offline_question_bank.dart,727,offline_0561,offline_0561,id:offline_0561|prompt:'kültürel etkileşim' görseli dîrok içinde hangi kategoriye girer,'kültürel etkileşim' görseli Dîrok içinde hangi kategoriye girer?,Dîrok | Muzîk | Spor | Kimya,Dîrok,0,Dîrok,kültürel etkileşim Kürt ve Kürdistan tarihi kategorisindeki kavramlardan biridir.,Dîrok,4,dart_quiz_question,exact_option_text,true,runtime_active,1,none,confirmed_data_defect,high,prompt='kültürel etkileşim' görseli Dîrok içinde hangi kategoriye girer?; correct=Dîrok; rawCorrect=Dîrok; standalone normalized match was reviewed against context; physicalCopies=1.,false,true,Human editor should rewrite the prompt or replace the distractor set in a separately approved data-fix branch.,false
6edde87ff474ec52860e2e7ab090fe28,answer_leak,critical,offline_runtime_bank,runtime_primary,true,true,lib/src/data/offline_question_bank.dart,1096,offline_0887,offline_0887,id:offline_0887|prompt:bu görseldeki 'def' muzîk bağlamında nereye yakındır,Bu görseldeki 'def' Muzîk bağlamında nereye yakındır?,Muzîk | Dîrok | Cografya | Ziman,Muzîk,0,Muzîk,def Kürt müziği kategorisinde ele alınır.,Muzîk,5,dart_quiz_question,exact_option_text,true,runtime_active,1,none,confirmed_data_defect,high,prompt=Bu görseldeki 'def' Muzîk bağlamında nereye yakındır?; correct=Muzîk; rawCorrect=Muzîk; standalone normalized match was reviewed against context; physicalCopies=1.,false,true,Human editor should rewrite the prompt or replace the distractor set in a separately approved data-fix branch.,false
a3eb8e5e2b5275ddad5c3d5b1c3f58ee,answer_leak,critical,offline_runtime_bank,runtime_primary,true,true,lib/src/data/offline_question_bank.dart,1107,offline_0891,offline_0891,id:offline_0891|prompt:bu görseldeki 'erbane' muzîk bağlamında nereye yakındır,Bu görseldeki 'erbane' Muzîk bağlamında nereye yakındır?,Muzîk | Dîrok | Cografya | Ziman,Muzîk,0,Muzîk,erbane Kürt müziği kategorisinde ele alınır.,Muzîk,1,dart_quiz_question,exact_option_text,true,runtime_active,1,none,confirmed_data_defect,high,prompt=Bu görseldeki 'erbane' Muzîk bağlamında nereye yakındır?; correct=Muzîk; rawCorrect=Muzîk; standalone normalized match was reviewed against context; physicalCopies=1.,false,true,Human editor should rewrite the prompt or replace the distractor set in a separately approved data-fix branch.,false
d7245695121479c2ad80b6fdce0d4616,answer_leak,critical,offline_runtime_bank,runtime_primary,true,true,lib/src/data/offline_question_bank.dart,1139,offline_0898,offline_0898,id:offline_0898|prompt:'nota' görseli muzîk içinde hangi kategoriye girer,'nota' görseli Muzîk içinde hangi kategoriye girer?,Muzîk | Dîrok | Cografya | Ziman,Muzîk,0,Muzîk,nota Kürt müziği kategorisinde ele alınır.,Muzîk,3,dart_quiz_question,exact_option_text,true,runtime_active,1,none,confirmed_data_defect,high,prompt='nota' görseli Muzîk içinde hangi kategoriye girer?; correct=Muzîk; rawCorrect=Muzîk; standalone normalized match was reviewed against context; physicalCopies=1.,false,true,Human editor should rewrite the prompt or replace the distractor set in a separately approved data-fix branch.,false
81c76d711f29773e8d3cdd109ffaaf67,answer_leak,critical,offline_runtime_bank,runtime_primary,true,true,lib/src/data/offline_question_bank.dart,1161,offline_0906,offline_0906,id:offline_0906|prompt:bu görseldeki 'solo' muzîk bağlamında nereye yakındır,Bu görseldeki 'solo' Muzîk bağlamında nereye yakındır?,Muzîk | Dîrok | Cografya | Ziman,Muzîk,0,Muzîk,solo Kürt müziği kategorisinde ele alınır.,Muzîk,5,dart_quiz_question,exact_option_text,true,runtime_active,1,none,confirmed_data_defect,high,prompt=Bu görseldeki 'solo' Muzîk bağlamında nereye yakındır?; correct=Muzîk; rawCorrect=Muzîk; standalone normalized match was reviewed against context; physicalCopies=1.,false,true,Human editor should rewrite the prompt or replace the distractor set in a separately approved data-fix branch.,false
67ab27d48b48e5324072f1ddc7344f1a,answer_leak,critical,open_web_master,candidate_pool,false,false,supabase/2026-07-14_open_web_candidate_pool_master.csv,555,opentdb_remaining_0254,opentdb_remaining_0254,"id:opentdb_remaining_0254|prompt:who is the main character in ""the stanley parable""","Who is the main character in ""The Stanley Parable""?",Stanley | The Adventure Line | The Narrator | The Boss,A,0,Stanley,,Entertainment: Video Games,,csv,letter_A_to_D,true,unknown,3,none,confirmed_data_defect,high,"prompt=Who is the main character in ""The Stanley Parable""?; correct=Stanley; rawCorrect=A; standalone normalized match was reviewed against context; physicalCopies=3.",false,true,Human editor should rewrite the prompt or replace the distractor set in a separately approved data-fix branch.,false
5d9c7b1e28af059d8db837150fdd8d84,answer_leak,critical,open_web_master,candidate_pool,false,false,supabase/2026-07-14_open_web_candidate_pool_master.csv,579,opentdb_remaining_0278,opentdb_remaining_0278,id:opentdb_remaining_0278|prompt:carcassonne is based on which french town,Carcassonne is based on which French town?,Carcassonne | Paris | Marseille | Clermont-Ferrand,A,0,Carcassonne,,Entertainment: Board Games,,csv,letter_A_to_D,true,unknown,3,none,confirmed_data_defect,high,prompt=Carcassonne is based on which French town?; correct=Carcassonne; rawCorrect=A; standalone normalized match was reviewed against context; physicalCopies=3.,false,true,Human editor should rewrite the prompt or replace the distractor set in a separately approved data-fix branch.,false
b8b297bc612ee487e4b037a1790273e1,answer_leak,critical,open_web_master,candidate_pool,false,false,supabase/2026-07-14_open_web_candidate_pool_master.csv,586,opentdb_remaining_0285,opentdb_remaining_0285,id:opentdb_remaining_0285|prompt:europa universalis is a strategy video game based on which french board game,Europa Universalis is a strategy video game based on which French board game?,Europa Universalis | Europe and the Universe | Europa! | Power in Europe,A,0,Europa Universalis,,Entertainment: Board Games,,csv,letter_A_to_D,true,unknown,3,none,confirmed_data_defect,high,prompt=Europa Universalis is a strategy video game based on which French board game?; correct=Europa Universalis; rawCorrect=A; standalone normalized match was reviewed against context; physicalCopies=3.,false,true,Human editor should rewrite the prompt or replace the distractor set in a separately approved data-fix branch.,false
b8d0bc1549c99794cc26cf0b68c03245,duplicate_option,blocker,wave2_publish_candidates,publish_candidate,true,true,supabase/wave2_curated_publish_candidates.csv,9,wave2_00031,wave2_00031,"id:wave2_00031|prompt:di asta pêşketî de, di qada ziman de têgeha 'ergatîf' di heman demê de wekî 'avahiya rêzimanî ya ku kirdeya lêkerên gerguhêz di dema borî de tewandî nîşan dide' tê binavkirin","Di asta pêşketî de, di qada ziman de têgeha 'Ergatîf' di heman demê de wekî 'avahiya rêzimanî ya ku kirdeya lêkerên gerguhêz di dema borî de tewandî nîşan dide' tê binavkirin.",Rast | Şaş | - | -,A,0,Rast,Di dema borî ya lêkerên gerguhêz de kirde di rewşa tewandî de ye û bireser di rewşa binirte de dimîne; ev avahiya rêzimanî wekî 'ergatîf' tê binavkirin.,Ziman,,csv,letter_A_to_D,true,publish_candidate_not_runtime,3,none,confirmed_data_defect,high,options=Rast | Şaş | - | -; duplicateForm=exact_duplicate; rawCorrect=A; physicalCopies=3.,false,true,Select distinct distractors through human editorial review; no automatic replacement is safe.,false
0a3ee979a83e2755716f1d63b4ec4dc9,duplicate_option,blocker,wave2_publish_candidates,publish_candidate,true,true,supabase/wave2_curated_publish_candidates.csv,10,wave2_00033,wave2_00033,"id:wave2_00033|prompt:di asta pêşketî de, di qada ziman de têgeha 'ezafe' di heman demê de wekî 'têkiliya artêla mê (a) û nêr (ê) ya ku navdêran bi hev ve girê dide' tê binavkirin","Di asta pêşketî de, di qada ziman de têgeha 'Ezafe' di heman demê de wekî 'têkiliya artêla mê (a) û nêr (ê) ya ku navdêran bi hev ve girê dide' tê binavkirin.",Rast | Şaş | - | -,A,0,Rast,"Ezafe, navdêrekê bi rengdêr an navdêrekê din ve girê dide û li gorî zayendê (mê: -a, nêr: -ê) diguhere; mînak 'kitêba min'.",Ziman,,csv,letter_A_to_D,true,publish_candidate_not_runtime,3,none,confirmed_data_defect,high,options=Rast | Şaş | - | -; duplicateForm=exact_duplicate; rawCorrect=A; physicalCopies=3.,false,true,Select distinct distractors through human editorial review; no automatic replacement is safe.,false
